,aliases,direct_url,extracted_meaning,name,related_url,tags
0,[],,,Operação Águia,,[]
1,[],,,Operação Sucuri,,[]
2,[],,,Operação Nicotina II,,[]
3,[],,,Operação Planador,,[]
4,[],,,Operação Trânsito Livre,,[]
5,['Gafanhoto'],/wiki/Opera%C3%A7%C3%A3o_Praga_do_Egito,,Operação Praga do Egito,,[]
6,[],,,Operação Cavalo de Troia,,[]
7,[],/wiki/Opera%C3%A7%C3%A3o_Anaconda_(investiga%C3%A7%C3%A3o_policial),,Operação Anaconda,,[]
8,[],,,Operação Concha Branca,,[]
9,[],,,Operação Setembro Negro,,[]
10,[],,,Operação Drake,,[]
11,[],,,Operação Garça,,[]
12,[],,,Operação Tempestade no Oeste,,[]
13,[],/wiki/Opera%C3%A7%C3%A3o_Medusa,,Operação Medusa,,[]
14,[],,,Operação Paz no Campo,,[]
15,[],,,Operação Lince,,[]
16,[],,,Operação Feliz,,[]
17,[],,,Operação Fraude Zero,,[]
18,[],,,Operação Soro,,[]
19,[],,,Operação Pandora,,[]
20,[],,,Operação Matusalém,,[]
21,[],,,Operação Mamoré,,[]
22,[],,,Operação Barrilha,,[]
23,[],,,Operação Pindorama,,[]
24,[],,,Operação Shogun,,[]
25,[],,,Operação Rosa dos Ventos,,[]
26,[],,,Operação Tamar,,[]
27,[],,,Operação Lince II,,[]
28,[],,,Operação Pensacola,,[]
29,[],,,Operação Caso Unaí,,[]
30,[],,,Operação Orcrim Esa,,[]
31,[],,,Operação Zumbi,,[]
32,[],,,Operação Albatroz,,[]
33,[],/wiki/Opera%C3%A7%C3%A3o_Farol_da_Colina,,Operação Farol da Colina,,[]
34,[],,,Operação Cavalo de Troia II,,[]
35,[],,,Operação Pardal,,[]
36,[],,,Operação Mucuripe,,[]
37,[],,,Operação Chacal,,[]
38,[],,,Operação Pororoca,,[]
39,[],,,Operação Capela,,[]
40,[],,,Operação Poeira no Asfalto,,[]
41,[],,,Operação Cataratas,,[]
42,[],,,Operação Midas,,[]
43,[],,,Operação Catuaba,,[]
44,[],,,Operação Faraó,,[]
45,[],,,Operação Águia II,,[]
46,[],,,Operação São José dos Campos,,[]
47,[],,,Operação Mascates,,[]
48,[],,,Operação Perseu,,[]
49,[],,,Operação Sentinela,,[]
50,[],/wiki/Opera%C3%A7%C3%A3o_Castelo,,Operação Castelo,,[]
51,[],,,Operação Mar Azul,,[]
52,[],,,Operação Cavalo de Aço,,[]
53,[],,,Operação Saia Justa,,[]
54,[],,,Operação Fênix,,[]
55,[],,,Operação Alcateia,,[]
56,[],,,Operação AshCatium,,[]
57,[],,,Operação Predador,,[]
58,[],,,Operação Petisco,,[]
59,[],,,Operação Pretorium,,[]
60,[],,,Operação Big Brother,,[]
61,[],,,Operação Clone,,[]
62,[],,,Operação Terra Nostra,,[]
63,[],,,Operação Caronte,,[]
64,[],,,Operação Negro Cueca,,[]
65,[],,,Operação Ajuste Fiscal,,[]
66,[],,,Operação Dragão,,[]
67,[],,,Operação Buritis,,[]
68,[],,,Operação Março Branco,,[]
69,[],,,Operação Tango,,[]
70,[],,,Operação Castanhola,,[]
71,[],,,Operação Hidra,,[]
72,[],/wiki/Opera%C3%A7%C3%A3o_Gabiru,,Operação Gabiru,,[]
73,[],,,Operação Spectro,,[]
74,[],,,Operação Curupira,,[]
75,[],,,Operação Anjo da Guarda,,[]
76,[],,,Operação Panorama,,[]
77,[],,,Operação Cevada,,[]
78,[],,,Operação Tentáculos,,[]
79,[],,,Operação Tâmara,,[]
80,[],,,Operação Mercúrio,,[]
81,[],,,Operação Monte Éden,,[]
82,[],,,Operação Narciso,,[]
83,[],/wiki/Opera%C3%A7%C3%A3o_Confraria,,Operação Confraria,,[]
84,[],,,Operação Lion Tech,,[]
85,[],,,Operação Falsário,,[]
86,[],,,Operação Macunaíma,,[]
87,[],,,Operação Babilônia,,[]
88,[],,,Operação Matinta Perêra,,[]
89,[],,,Operação Encaixe,,[]
90,[],,,Operação Caá-Ete,,[]
91,[],,,Operação Curupira II,,[]
92,[],,,Operação Serraluz,,[]
93,[],,,Operação Pégasus,,[]
94,[],,,Operação Roupa Suja,,[]
95,[],,,Operação Trevo,,[]
96,[],,,Operação Anjo da Guarda II,,[]
97,[],,,Operação Fronteira Legal,,[]
98,[],,,Operação Mercado Negro,,[]
99,[],,,Operação Tentáculos III,,[]
100,[],,,Operação Bye Bye Brasil,,[]
101,[],,,Operação Canaã e Overbox,,[]
102,[],,,Operação Trevo II,,[]
103,[],,,Operação Dublê,,[]
104,[],,,Operação Mandrake,,[]
105,[],,,Operação Pedra Bonita,,[]
106,[],,,Operação Bloqueio,,[]
107,[],,,Operação Campus Limpo,,[]
108,[],,,Operação Ouro Verde,,[]
109,[],,,Operação Argus,,[]
110,[],,,Operação Corona,,[]
111,[],,,Operação Êxodo,,[]
112,[],,,Operação Plata,,[]
113,[],,,Operação Centurião,,[]
114,[],,,Operação Rio Pardo,,[]
115,[],,,Operação Ponto Com,,[]
116,[],,,Operação Canil,,[]
117,[],,,Operação Breakdown,,[]
118,[],,,Operação Firula,,[]
119,[],,,Operação Anfíbio,,[]
120,[],,,Operação Trinca Ferro,,[]
121,[],,,Operação Crepúsculo,,[]
122,[],,,Operação Cruz Vermelha,,[]
123,[],,,Operação Decadência Total,,[]
124,[],,,Operação Capitão Gancho II,,[]
125,[],,,Operação Ilha da Fantasia,,[]
126,[],,,Operação Águas Seguras,,[]
127,[],,,Operação Cangaço,,[]
128,[],,,Operação Coqueiro,,[]
129,[],,,Operação Araripe,,[]
130,[],,,Operação 3x1,,[]
131,[],,,Operação Toga,,[]
132,[],,,Operação Tic-Tac,,[]
133,[],,,Operação Cegonha,,[]
134,[],,,Operação Carbono,,[]
135,[],,,Operação TM,,[]
136,[],,,Operação Scan,,[]
137,[],,,Operação Brother,,[]
138,[],,,Operação Azahar,,[]
139,[],,,Operação Câmbio,,[]
140,[],,,Operação Xeque-Mate,,[]
141,[],,,Operação Mar Egeu,,[]
142,[],/wiki/Opera%C3%A7%C3%A3o_Esfinge,,Operação Esfinge,,[]
143,[],,,Operação AshCatium II,,[]
144,[],,,Operação Cara de Abraço,,[]
145,[],,,Operação Safári,,[]
146,[],,,Operação Mercado Preso,,[]
147,[],,,Operação Cassinos II,,[]
148,[],,,Operação Balaústre,,[]
149,[],,,Operação Doublê,,[]
150,[],,,Operação Cidade Baixa,,[]
151,[],,,Operação Tarantela,,[]
152,[],,,Operação Suíça,,[]
153,[],,,Operação Urutau,,[]
154,[],,,Operação Dissolve,,[]
155,[],,,Operação Fim da Linha,,[]
156,[],,,Operação Tarô,,[]
157,[],,,Operação Boas Vindas II,,[]
158,[],,,Operação Paralelo 251,,[]
159,[],,,Operação Cerrado,,[]
160,[],,,Operação Calouro,,[]
161,[],,,Operação Galiléia,,[]
162,[],,,Operação Caloria,,[]
163,[],,,Operação Piraíba,,[]
164,[],/wiki/Opera%C3%A7%C3%A3o_Sanguessuga,,Operação Sanguessuga,,[]
165,[],,,Operação Pólo,,[]
166,[],,,Operação Hélios,,[]
167,[],,,Operação Boneco de Pano,,[]
168,[],,,Operação Carta Marcada,,[]
169,[],,,Operação Vidas Secas II,,[]
170,[],,,Operação Branca de Neve,,[]
171,[],,,Operação Oceanos Gêmeos Abertura,,[]
172,[],,,Operação Macunaíma,,[]
173,[],,,Operação Desmanche,,[]
174,[],,,Operação Torniquete,,[]
175,[],,,Operação Senil,,[]
176,[],,,Operação Castores,,[]
177,[],,,Operação Bala Doce,,[]
178,[],,,Operação Escudo,,[]
179,[],,,Operação Alecto,,[]
180,[],,,Operação Carro Zero,,[]
181,[],,,Operação Casa Velha,,[]
182,[],,,Operação Violeta,,[]
183,[],,,Operação Charrua,,[]
184,[],,,Operação Guaru,,[]
185,[],,,Operação Novo Empate,,[]
186,[],,,Operação Tibagi,,[]
187,[],,,Operação Geralda Tocopreto,,[]
188,[],,,Operação Aroeira,,[]
189,[],,,Operação Faxina,,[]
190,[],,,Operação Lusa,,[]
191,[],,,Operação Depósito,,[]
192,[],,,Operação Mercador,,[]
193,[],,,Operação 14 Bis,,[]
194,[],,,Operação Terra Prometida,,[]
195,[],,,Operação Artemis,,[]
196,[],,,Operação Conta Conjunta,,[]
197,[],,,Operação Nobilis,,[]
198,[],,,Operação Ícaro,,[]
199,[],,,Operação Fox,,[]
200,[],,,Operação Zapatta,,[]
201,[],,,Operação Cerol,,[]
202,[],,,Operação Com Dor,,[]
203,[],,,Operação Mão-de-Obra,,[]
204,[],,,Operação Tanque Cheio,,[]
205,[],,,Operação Sintonia,,[]
206,[],,,Operação Asfalto Limpo,,[]
207,[],,,Operação Enguia,,[]
208,[],/wiki/Opera%C3%A7%C3%A3o_Domin%C3%B3,,Operação Dominó,,[]
209,[],,,Operação Tigre,,[]
210,[],,,Operação Isaías,,[]
211,[],/wiki/Opera%C3%A7%C3%A3o_Sa%C3%BAva,,Operação Saúva,,[]
212,[],/wiki/Opera%C3%A7%C3%A3o_Dil%C3%BAvio,,Operação Dilúvio,,[]
213,[],,,Operação Roncador,,[]
214,[],,,Operação Cabo,,[]
215,[],,,Operação Víspora II,,[]
216,[],,,Operação Exodus,,[]
217,[],,,Operação Harmonia,,[]
218,[],,,Operação Galáticos,,[]
219,[],,,Operação Gládio,,[]
220,[],,,Operação Amigos da Onça,,[]
221,[],,,Operação Gavião,,[]
222,[],,,Operação Euterpe,,[]
223,[],,,Operação Campo Fértil,,[]
224,[],,,Operação Facção Toupeira,,[]
225,[],,,Operação Daniel,,[]
226,[],,,Operação Corsário,,[]
227,[],,,Operação Castela e Madri,,[]
228,[],,,Operação Replicante,,[]
229,[],,,Operação Vermelho 27,,[]
230,[],,,Operação Harmonia-Retomada,,[]
231,[],,,Operação Sansão,,[]
232,[],,,Operação Abstinência,,[]
233,[],,,Operação Eros,,[]
234,[],,,Operação Tridente,,[]
235,[],,,Operação Gabarito,,[]
236,[],,,Operação Aço Forte,,[]
237,[],,,Operação Tráfico.Com,,[]
238,[],,,Operação Gato de Botas,,[]
239,[],,,Operação Felina,,[]
240,[],,,Operação Voto Livre,,[]
241,[],,,Operação Grandes Lagos,,[]
242,[],,,Operação Overlord,,[]
243,[],,,Operação Seja Legal,,[]
244,[],,,Operação Bola de Fogo,,[]
245,[],,,Operação Defeso do Camarão,,[]
246,[],,,Operação I-Commerce,,[]
247,[],,,Operação Caraxué,,[]
248,[],,,Operação Copa,,[]
249,[],,,Operação Anos Dourados,,[]
250,[],,,Operação Ciclone,,[]
251,[],,,Operação Caribe,,[]
252,[],,,Operação Venezuela,,[]
253,[],,,Operação Silvestre,,[]
254,[],,,Operação Vesúvio,,[]
255,[],,,Operação Reação,,[]
256,[],,,Operação Víspora III (9 de novembro,,[]
257,[],,,Operação Alcatrão,,[]
258,[],,,Operação Rêmora,,[]
259,[],,,Operação Alcaides,,[]
260,[],,,Operação Pebra,,[]
261,[],,,Operação Corsário II,,[]
262,[],,,Operação Kayabi,,[]
263,[],,,Operação Castelhana,,[]
264,[],,,Operação Davi,,[]
265,[],,,Operação Esporão,,[]
266,[],,,Operação Drake,,[]
267,[],,,Operação Tsunami,,[]
268,[],,,Operação Hook,,[]
269,[],,,Operação Crivo,,[]
270,[],,,Operação Licomedes,,[]
271,[],,,Operação Câmbio Livre,,[]
272,[],,,Operação Control+Alt+Del,,[]
273,[],,,Operação Cristal Negro,,[]
274,[],,,Operação Passagem,,[]
275,[],,,Operação Sentença,,[]
276,[],,,Operação Oráculo,,[]
277,[],,,Operação Bingo,,[]
278,[],,,Operação Caça-Níqueis,,[]
279,[],,,Operação Telhado de Vidro,,[]
280,[],,,Operação Afrodite,,[]
281,[],,,Operação Gladiador,,[]
282,[],,,Operação Tingüí,,[]
283,[],,,Operação Ouro de Tolo,,[]
284,[],,,Operação Maçaranduba,,[]
285,[],,,Operação Pinóquio,,[]
286,[],,,Operação Boca Limpa,,[]
287,[],,,Operação Caiman,,[]
288,[],,,Operação Puerto Libre,,[]
289,[],,,Operação Afrodite II,,[]
290,[],,,Operação São Matheus,,[]
291,[],/w/index.php?title=Opera%C3%A7%C3%A3o_Linhas_Cruzadas&action=edit&redlink=1,,Operação Linhas Cruzadas,,[]
292,[],/w/index.php?title=Opera%C3%A7%C3%A3o_Vint%C3%A9m&action=edit&redlink=1,,Operação Vintém,,[]
293,[],/w/index.php?title=Opera%C3%A7%C3%A3o_Sodoma&action=edit&redlink=1,,Operação Sodoma,,[]
294,[],,,Operação Passe Livre,,[]
295,[],/w/index.php?title=Opera%C3%A7%C3%A3o_Tv_Pirata&action=edit&redlink=1,,Operação Tv Pirata,,[]
296,[],/w/index.php?title=Opera%C3%A7%C3%A3o_Alian%C3%A7a&action=edit&redlink=1,,Operação Aliança,,[]
297,[],/w/index.php?title=Opera%C3%A7%C3%A3o_Kolibra&action=edit&redlink=1,,Operação Kolibra,,[]
298,[],/w/index.php?title=Opera%C3%A7%C3%A3o_Parabellum&action=edit&redlink=1,,Operação Parabellum,,[]
299,[],/w/index.php?title=Opera%C3%A7%C3%A3o_Cedro-Marac%C3%A1&action=edit&redlink=1,,Operação Cedro-Maracá,,[]
300,[],/w/index.php?title=Opera%C3%A7%C3%A3o_Tubar%C3%A3o&action=edit&redlink=1,,Operação Tubarão,,[]
301,[],/w/index.php?title=Opera%C3%A7%C3%A3o_Roseira&action=edit&redlink=1,,Operação Roseira,,[]
302,[],/w/index.php?title=Opera%C3%A7%C3%A3o_Big-Apple&action=edit&redlink=1,,Operação Big-Apple,,[]
303,[],/w/index.php?title=Opera%C3%A7%C3%A3o_Val%C3%A1quia&action=edit&redlink=1,,Operação Valáquia,,[]
304,[],/w/index.php?title=Opera%C3%A7%C3%A3o_Sintonia&action=edit&redlink=1,,Operação Sintonia,,[]
305,[],/w/index.php?title=Opera%C3%A7%C3%A3o_Piratas_da_Lavoura&action=edit&redlink=1,,Operação Piratas da Lavoura,,[]
306,[],/w/index.php?title=Opera%C3%A7%C3%A3o_Rio_Nilo&action=edit&redlink=1,,Operação Rio Nilo,,[]
307,[],/w/index.php?title=Opera%C3%A7%C3%A3o_387&action=edit&redlink=1,,Operação 387,,[]
308,[],/w/index.php?title=Opera%C3%A7%C3%A3o_Savana_(Pol%C3%ADcia_Federal_do_Brasil)&action=edit&redlink=1,,Operação Savana,,[]
309,[],/w/index.php?title=Opera%C3%A7%C3%A3o_Ananias&action=edit&redlink=1,,Operação Ananias,,[]
310,[],/w/index.php?title=Opera%C3%A7%C3%A3o_Xingu&action=edit&redlink=1,,Operação Xingu,,[]
311,[],/w/index.php?title=Opera%C3%A7%C3%A3o_Cas%C3%A3o&action=edit&redlink=1,,Operação Casão,,[]
312,[],/w/index.php?title=Opera%C3%A7%C3%A3o_Truco&action=edit&redlink=1,,Operação Truco,,[]
313,[],/w/index.php?title=Opera%C3%A7%C3%A3o_Morpheu&action=edit&redlink=1,,Operação Morpheu,,[]
314,[],/w/index.php?title=Opera%C3%A7%C3%A3o_Miragem&action=edit&redlink=1,,Operação Miragem,,[]
315,[],/w/index.php?title=Opera%C3%A7%C3%A3o_Naciente&action=edit&redlink=1,,Operação Naciente,,[]
316,[],/w/index.php?title=Opera%C3%A7%C3%A3o_Byblos&action=edit&redlink=1,,Operação Byblos,,[]
317,[],/w/index.php?title=Opera%C3%A7%C3%A3o_Jota&action=edit&redlink=1,,Operação Jota,,[]
318,[],/w/index.php?title=Opera%C3%A7%C3%A3o_Derrame&action=edit&redlink=1,,Operação Derrame,,[]
319,[],/w/index.php?title=Opera%C3%A7%C3%A3o_Ant%C3%ADdoto&action=edit&redlink=1,,Operação Antídoto,,[]
320,[],/w/index.php?title=Opera%C3%A7%C3%A3o_Platina&action=edit&redlink=1,,Operação Platina,,[]
321,[],/w/index.php?title=Opera%C3%A7%C3%A3o_%C3%82ncora&action=edit&redlink=1,,Operação Âncora,,[]
322,[],/w/index.php?title=Opera%C3%A7%C3%A3o_Curitiba&action=edit&redlink=1,,Operação Curitiba,,[]
323,[],/w/index.php?title=Opera%C3%A7%C3%A3o_Interfer%C3%AAncia&action=edit&redlink=1,,Operação Interferência,,[]
324,[],/w/index.php?title=Opera%C3%A7%C3%A3o_Testamento&action=edit&redlink=1,,Operação Testamento,,[]
325,[],/w/index.php?title=Opera%C3%A7%C3%A3o_Malha_Sert%C3%A3o&action=edit&redlink=1,,Operação Malha Sertão,,[]
326,[],/w/index.php?title=Opera%C3%A7%C3%A3o_Ouro_Verde&action=edit&redlink=1,,Operação Ouro Verde,,[]
327,[],/w/index.php?title=Opera%C3%A7%C3%A3o_Conex%C3%A3o_Alfa&action=edit&redlink=1,,Operação Conexão Alfa,,[]
328,[],/w/index.php?title=Opera%C3%A7%C3%A3o_Malha_Fina&action=edit&redlink=1,,Operação Malha Fina,,[]
329,[],/w/index.php?title=Opera%C3%A7%C3%A3o_Aveloz&action=edit&redlink=1,,Operação Aveloz,,[]
330,[],/w/index.php?title=Opera%C3%A7%C3%A3o_Arara_Preta&action=edit&redlink=1,,Operação Arara Preta,,[]
331,[],/w/index.php?title=Opera%C3%A7%C3%A3o_Hurricane&action=edit&redlink=1,,Operação Hurricane,,[]
332,[],/w/index.php?title=Opera%C3%A7%C3%A3o_42_Graus&action=edit&redlink=1,,Operação 42 Graus,,[]
333,[],/w/index.php?title=Opera%C3%A7%C3%A3o_Cobra_D%27%C3%81gua&action=edit&redlink=1,,Operação Cobra D'Água,,[]
334,[],/w/index.php?title=Opera%C3%A7%C3%A3o_Kaspar&action=edit&redlink=1,,Operação Kaspar,,[]
335,[],/w/index.php?title=Opera%C3%A7%C3%A3o_Lacraia&action=edit&redlink=1,,Operação Lacraia,,[]
336,[],/w/index.php?title=Opera%C3%A7%C3%A3o_Game_Over&action=edit&redlink=1,,Operação Game Over,,[]
337,[],/w/index.php?title=Opera%C3%A7%C3%A3o_Oeste&action=edit&redlink=1,,Operação Oeste,,[]
338,[],/w/index.php?title=Opera%C3%A7%C3%A3o_Terra_do_Sol&action=edit&redlink=1,,Operação Terra do Sol,,[]
339,[],/w/index.php?title=Opera%C3%A7%C3%A3o_Vaga_Certa&action=edit&redlink=1,,Operação Vaga Certa,,[]
340,[],/wiki/Opera%C3%A7%C3%A3o_Moeda_Verde,,Operação Moeda Verde,,[]
341,[],/w/index.php?title=Opera%C3%A7%C3%A3o_274&action=edit&redlink=1,,Operação 274,,[]
342,[],/w/index.php?title=Opera%C3%A7%C3%A3o_Campo_Verde&action=edit&redlink=1,,Operação Campo Verde,,[]
343,[],/w/index.php?title=Opera%C3%A7%C3%A3o_Cacique&action=edit&redlink=1,,Operação Cacique,,[]
344,[],/w/index.php?title=Opera%C3%A7%C3%A3o_Para%C3%ADso&action=edit&redlink=1,,Operação Paraíso,,[]
345,[],/w/index.php?title=Opera%C3%A7%C3%A3o_Iscariotes&action=edit&redlink=1,,Operação Iscariotes,,[]
346,[],/w/index.php?title=Opera%C3%A7%C3%A3o_Conex%C3%A3o_Crici%C3%BAma&action=edit&redlink=1,,Operação Conexão Criciúma,,[]
347,[],/w/index.php?title=Opera%C3%A7%C3%A3o_Navegantes&action=edit&redlink=1,,Operação Navegantes,,[]
348,[],/w/index.php?title=Opera%C3%A7%C3%A3o_P%C3%B3_da_China&action=edit&redlink=1,,Operação Pó da China,,[]
349,[],/w/index.php?title=Opera%C3%A7%C3%A3o_Carimbo&action=edit&redlink=1,,Operação Carimbo,,[]
350,[],/w/index.php?title=Opera%C3%A7%C3%A3o_Mapinguari&action=edit&redlink=1,,Operação Mapinguari,,[]
351,[],/wiki/Opera%C3%A7%C3%A3o_Navalha,,Operação Navalha,,[]
352,[],/w/index.php?title=Opera%C3%A7%C3%A3o_Hip%C3%B3crates&action=edit&redlink=1,,Operação Hipócrates,,[]
353,[],/w/index.php?title=Opera%C3%A7%C3%A3o_Contranicot&action=edit&redlink=1,,Operação Contranicot,,[]
354,[],/w/index.php?title=Opera%C3%A7%C3%A3o_Banco_Imobili%C3%A1rio&action=edit&redlink=1,,Operação Banco Imobiliário,,[]
355,[],/w/index.php?title=Opera%C3%A7%C3%A3o_Ouro_Negro&action=edit&redlink=1,,Operação Ouro Negro,,[]
356,[],/w/index.php?title=Opera%C3%A7%C3%A3o_Hiena&action=edit&redlink=1,,Operação Hiena,,[]
357,[],/w/index.php?title=Opera%C3%A7%C3%A3o_Guarany&action=edit&redlink=1,,Operação Guarany,,[]
358,[],/w/index.php?title=Opera%C3%A7%C3%A3o_Bruxelas&action=edit&redlink=1,,Operação Bruxelas,,[]
359,[],/w/index.php?title=Opera%C3%A7%C3%A3o_Xeque-Mate&action=edit&redlink=1,,Operação Xeque-Mate,,[]
360,[],/w/index.php?title=Opera%C3%A7%C3%A3o_Espiral&action=edit&redlink=1,,Operação Espiral,,[]
361,[],/w/index.php?title=Opera%C3%A7%C3%A3o_Senhor_dos_An%C3%A9is&action=edit&redlink=1,,Operação Senhor dos Anéis,,[]
362,[],/w/index.php?title=Opera%C3%A7%C3%A3o_Rosa_dos_Ventos_IV&action=edit&redlink=1,,Operação Rosa dos Ventos IV,,[]
363,[],/w/index.php?title=Opera%C3%A7%C3%A3o_Prometeu&action=edit&redlink=1,,Operação Prometeu,,[]
364,[],/w/index.php?title=Opera%C3%A7%C3%A3o_Rota_Oeste&action=edit&redlink=1,,Operação Rota Oeste,,[]
365,[],/w/index.php?title=Opera%C3%A7%C3%A3o_Zaqueu&action=edit&redlink=1,,Operação Zaqueu,,[]
366,[],/w/index.php?title=Opera%C3%A7%C3%A3o_S%C3%A9timo_Dia&action=edit&redlink=1,,Operação Sétimo Dia,,[]
367,[],/w/index.php?title=Opera%C3%A7%C3%A3o_Vit%C3%B3ria&action=edit&redlink=1,,Operação Vitória,,[]
368,[],/w/index.php?title=Opera%C3%A7%C3%A3o_Caipora&action=edit&redlink=1,,Operação Caipora,,[]
369,[],/w/index.php?title=Opera%C3%A7%C3%A3o_R%C3%BAssia&action=edit&redlink=1,,Operação Rússia,,[]
370,[],/w/index.php?title=Opera%C3%A7%C3%A3o_Lavrador&action=edit&redlink=1,,Operação Lavrador,,[]
371,[],/w/index.php?title=Opera%C3%A7%C3%A3o_Alcat%C3%A9ia&action=edit&redlink=1,,Operação Alcatéia,,[]
372,[],/w/index.php?title=Opera%C3%A7%C3%A3o_Camale%C3%A3o&action=edit&redlink=1,,Operação Camaleão,,[]
373,[],/w/index.php?title=Opera%C3%A7%C3%A3o_Freud&action=edit&redlink=1,,Operação Freud,,[]
374,[],/w/index.php?title=Opera%C3%A7%C3%A3o_Tv_Legal&action=edit&redlink=1,,Operação Tv Legal,,[]
375,[],/w/index.php?title=Opera%C3%A7%C3%A3o_Oriente&action=edit&redlink=1,,Operação Oriente,,[]
376,[],/w/index.php?title=Opera%C3%A7%C3%A3o_Abatedouro&action=edit&redlink=1,,Operação Abatedouro,,[]
377,[],/w/index.php?title=Opera%C3%A7%C3%A3o_Reluz&action=edit&redlink=1,,Operação Reluz,,[]
378,[],/w/index.php?title=Opera%C3%A7%C3%A3o_Columbus&action=edit&redlink=1,,Operação Columbus,,[]
379,[],/w/index.php?title=Opera%C3%A7%C3%A3o_Matamento&action=edit&redlink=1,,Operação Matamento,,[]
380,[],/w/index.php?title=Opera%C3%A7%C3%A3o_Pen_Drive&action=edit&redlink=1,,Operação Pen Drive,,[]
381,[],/w/index.php?title=Opera%C3%A7%C3%A3o_Bumerangue&action=edit&redlink=1,,Operação Bumerangue,,[]
382,[],/w/index.php?title=Opera%C3%A7%C3%A3o_Game_Over&action=edit&redlink=1,,Operação Game Over,,[]
383,[],/w/index.php?title=Opera%C3%A7%C3%A3o_Sabinas&action=edit&redlink=1,,Operação Sabinas,,[]
384,[],/w/index.php?title=Opera%C3%A7%C3%A3o_Ouro_Verde_II&action=edit&redlink=1,,Operação Ouro Verde II,,[]
385,[],/w/index.php?title=Opera%C3%A7%C3%A3o_Lobo_Guerreiro&action=edit&redlink=1,,Operação Lobo Guerreiro,,[]
386,[],/w/index.php?title=Opera%C3%A7%C3%A3o_Hip%C3%B3crates&action=edit&redlink=1,,Operação Hipócrates,,[]
387,[],/w/index.php?title=Opera%C3%A7%C3%A3o_%C3%81guas_Profundas&action=edit&redlink=1,,Operação Águas Profundas,,[]
388,[],/w/index.php?title=Opera%C3%A7%C3%A3o_Alian%C3%A7a&action=edit&redlink=1,,Operação Aliança,,[]
389,[],/w/index.php?title=Opera%C3%A7%C3%A3o_Alaska&action=edit&redlink=1,,Operação Alaska,,[]
390,[],/w/index.php?title=Opera%C3%A7%C3%A3o_Placebo&action=edit&redlink=1,,Operação Placebo,,[]
391,[],/w/index.php?title=Opera%C3%A7%C3%A3o_Pluma&action=edit&redlink=1,,Operação Pluma,,[]
392,[],/w/index.php?title=Opera%C3%A7%C3%A3o_Ger%C3%BAsia&action=edit&redlink=1,,Operação Gerúsia,,[]
393,[],/w/index.php?title=Opera%C3%A7%C3%A3o_Selo&action=edit&redlink=1,,Operação Selo,,[]
394,[],/w/index.php?title=Opera%C3%A7%C3%A3o_Convento&action=edit&redlink=1,,Operação Convento,,[]
395,[],/w/index.php?title=Opera%C3%A7%C3%A3o_Macuco&action=edit&redlink=1,,Operação Macuco,,[]
396,[],/w/index.php?title=Opera%C3%A7%C3%A3o_Farrapos&action=edit&redlink=1,,Operação Farrapos,,[]
397,[],/w/index.php?title=Opera%C3%A7%C3%A3o_Zebu&action=edit&redlink=1,,Operação Zebu,,[]
398,[],/w/index.php?title=Opera%C3%A7%C3%A3o_Catraca&action=edit&redlink=1,,Operação Catraca,,[]
399,[],/w/index.php?title=Opera%C3%A7%C3%A3o_S%C3%A3o_Francisco&action=edit&redlink=1,,Operação São Francisco,,[]
400,[],/w/index.php?title=Opera%C3%A7%C3%A3o_Colossus&action=edit&redlink=1,,Operação Colossus,,[]
401,[],/w/index.php?title=Opera%C3%A7%C3%A3o_Tubar%C3%A3o&action=edit&redlink=1,,Operação Tubarão,,[]
402,[],/w/index.php?title=Opera%C3%A7%C3%A3o_Aposta&action=edit&redlink=1,,Operação Aposta,,[]
403,[],/w/index.php?title=Opera%C3%A7%C3%A3o_Revis%C3%A3o&action=edit&redlink=1,,Operação Revisão,,[]
404,[],/w/index.php?title=Opera%C3%A7%C3%A3o_Zeus&action=edit&redlink=1,,Operação Zeus,,[]
405,[],/w/index.php?title=Opera%C3%A7%C3%A3o_Contestado&action=edit&redlink=1,,Operação Contestado,,[]
406,[],/w/index.php?title=Opera%C3%A7%C3%A3o_Zebra&action=edit&redlink=1,,Operação Zebra,,[]
407,[],/w/index.php?title=Opera%C3%A7%C3%A3o_Tabaco&action=edit&redlink=1,,Operação Tabaco,,[]
408,[],/w/index.php?title=Opera%C3%A7%C3%A3o_Patrim%C3%B4nio&action=edit&redlink=1,,Operação Patrimônio,,[]
409,[],/w/index.php?title=Opera%C3%A7%C3%A3o_Carranca_de_Troia&action=edit&redlink=1,,Operação Carranca de Troia,,[]
410,[],/w/index.php?title=Opera%C3%A7%C3%A3o_Colmeia&action=edit&redlink=1,,Operação Colmeia,,[]
411,[],/w/index.php?title=Opera%C3%A7%C3%A3o_Bar%C3%A3o&action=edit&redlink=1,,Operação Barão,,[]
412,[],/w/index.php?title=Opera%C3%A7%C3%A3o_Faxina&action=edit&redlink=1,,Operação Faxina,,[]
413,[],/w/index.php?title=Opera%C3%A7%C3%A3o_Pedra_Lascada&action=edit&redlink=1,,Operação Pedra Lascada,,[]
414,[],/w/index.php?title=Opera%C3%A7%C3%A3o_Interfer%C3%AAncia_II&action=edit&redlink=1,,Operação Interferência II,,[]
415,[],/w/index.php?title=Opera%C3%A7%C3%A3o_V%C3%AAnus&action=edit&redlink=1,,Operação Vênus,,[]
416,[],/w/index.php?title=Opera%C3%A7%C3%A3o_Pulverizador&action=edit&redlink=1,,Operação Pulverizador,,[]
417,[],/w/index.php?title=Opera%C3%A7%C3%A3o_Espectro_Negro&action=edit&redlink=1,,Operação Espectro Negro,,[]
418,[],/w/index.php?title=Opera%C3%A7%C3%A3o_Ribeir%C3%A3o&action=edit&redlink=1,,Operação Ribeirão,,[]
419,[],/w/index.php?title=Opera%C3%A7%C3%A3o_Minotauro&action=edit&redlink=1,,Operação Minotauro,,[]
420,[],/w/index.php?title=Opera%C3%A7%C3%A3o_Duna_Branca&action=edit&redlink=1,,Operação Duna Branca,,[]
421,[],/w/index.php?title=Opera%C3%A7%C3%A3o_C%C3%A1rcere&action=edit&redlink=1,,Operação Cárcere,,[]
422,[],/w/index.php?title=Opera%C3%A7%C3%A3o_Metalose&action=edit&redlink=1,,Operação Metalose,,[]
423,[],/w/index.php?title=Opera%C3%A7%C3%A3o_Profeta&action=edit&redlink=1,,Operação Profeta,,[]
424,[],/w/index.php?title=Opera%C3%A7%C3%A3o_Via_Sal%C3%A1ria&action=edit&redlink=1,,Operação Via Salária,,[]
425,[],/w/index.php?title=Opera%C3%A7%C3%A3o_Tr%C3%ADade&action=edit&redlink=1,,Operação Tríade,,[]
426,[],/w/index.php?title=Opera%C3%A7%C3%A3o_%C3%81rea_Livre&action=edit&redlink=1,,Operação Área Livre,,[]
427,[],/w/index.php?title=Opera%C3%A7%C3%A3o_Persona&action=edit&redlink=1,,Operação Persona,,[]
428,[],/w/index.php?title=Opera%C3%A7%C3%A3o_Wood_Stock&action=edit&redlink=1,,Operação Wood Stock,,[]
429,[],/w/index.php?title=Opera%C3%A7%C3%A3o_Alquimista&action=edit&redlink=1,,Operação Alquimista,,[]
430,[],/w/index.php?title=Opera%C3%A7%C3%A3o_Gaia&action=edit&redlink=1,,Operação Gaia,,[]
431,[],/w/index.php?title=Opera%C3%A7%C3%A3o_Ouro_Branco&action=edit&redlink=1,,Operação Ouro Branco,,[]
432,[],/wiki/Opera%C3%A7%C3%A3o_Esfinge,,Operação Esfinge,,[]
433,[],/w/index.php?title=Opera%C3%A7%C3%A3o_Met%C3%A1stase&action=edit&redlink=1,,Operação Metástase,,[]
434,[],/w/index.php?title=Opera%C3%A7%C3%A3o_X-9&action=edit&redlink=1,,Operação X-9,,[]
435,[],/w/index.php?title=Opera%C3%A7%C3%A3o_Solan%C3%A1cea&action=edit&redlink=1,,Operação Solanácea,,[]
436,[],/w/index.php?title=Opera%C3%A7%C3%A3o_Iara&action=edit&redlink=1,,Operação Iara,,[]
437,[],/w/index.php?title=Opera%C3%A7%C3%A3o_Alquila&action=edit&redlink=1,,Operação Alquila,,[]
438,[],/w/index.php?title=Opera%C3%A7%C3%A3o_Veneza&action=edit&redlink=1,,Operação Veneza,,[]
439,[],/w/index.php?title=Opera%C3%A7%C3%A3o_Rodin&action=edit&redlink=1,,Operação Rodin,,[]
440,[],/w/index.php?title=Opera%C3%A7%C3%A3o_Mecenas&action=edit&redlink=1,,Operação Mecenas,,[]
441,[],/w/index.php?title=Opera%C3%A7%C3%A3o_Kaspar_II&action=edit&redlink=1,,Operação Kaspar II,,[]
442,[],/w/index.php?title=Opera%C3%A7%C3%A3o_Vento_Sul&action=edit&redlink=1,,Operação Vento Sul,,[]
443,[],/w/index.php?title=Opera%C3%A7%C3%A3o_Roterdam&action=edit&redlink=1,,Operação Roterdam,,[]
444,[],/w/index.php?title=Opera%C3%A7%C3%A3o_Lenha_Branca&action=edit&redlink=1,,Operação Lenha Branca,,[]
445,[],/w/index.php?title=Opera%C3%A7%C3%A3o_Metamorfose&action=edit&redlink=1,,Operação Metamorfose,,[]
446,[],/w/index.php?title=Opera%C3%A7%C3%A3o_Cia_do_Exterm%C3%ADnio&action=edit&redlink=1,,Operação Cia do Extermínio,,[]
447,[],/w/index.php?title=Opera%C3%A7%C3%A3o_Il%C3%ADada&action=edit&redlink=1,,Operação Ilíada,,[]
448,[],,,Operação Carranca,,[]
449,[],/w/index.php?title=Opera%C3%A7%C3%A3o_Sete_Erros&action=edit&redlink=1,,Operação Sete Erros,,[]
450,[],/w/index.php?title=Opera%C3%A7%C3%A3o_Revis%C3%A3o_II&action=edit&redlink=1,,Operação Revisão II,,[]
451,[],/w/index.php?title=Opera%C3%A7%C3%A3o_Veredas&action=edit&redlink=1,,Operação Veredas,,[]
452,[],/w/index.php?title=Opera%C3%A7%C3%A3o_Ceres&action=edit&redlink=1,,Operação Ceres,,[]
453,[],/w/index.php?title=Opera%C3%A7%C3%A3o_Constela%C3%A7%C3%A3o&action=edit&redlink=1,,Operação Constelação,,[]
454,[],/w/index.php?title=Opera%C3%A7%C3%A3o_Xadrez&action=edit&redlink=1,,Operação Xadrez,,[]
455,[],/w/index.php?title=Opera%C3%A7%C3%A3o_Avc&action=edit&redlink=1,,Operação Avc,,[]
456,[],/w/index.php?title=Opera%C3%A7%C3%A3o_Curto_Circuito&action=edit&redlink=1,,Operação Curto Circuito,,[]
457,[],/w/index.php?title=Opera%C3%A7%C3%A3o_F%C3%AAnix&action=edit&redlink=1,,Operação Fênix,,[]
458,[],,,Operação Jaleco Branco,,[]
459,[],/w/index.php?title=Opera%C3%A7%C3%A3o_Casa_Nova&action=edit&redlink=1,,Operação Casa Nova,,[]
460,[],/w/index.php?title=Opera%C3%A7%C3%A3o_Oitava_Praga&action=edit&redlink=1,,Operação Oitava Praga,,[]
461,[],/w/index.php?title=Opera%C3%A7%C3%A3o_Muro_de_Fogo&action=edit&redlink=1,,Operação Muro de Fogo,,[]
462,[],/w/index.php?title=Opera%C3%A7%C3%A3o_Lolicon&action=edit&redlink=1,,Operação Lolicon,,[]
463,[],/wiki/Opera%C3%A7%C3%A3o_Taturana,,Operação Taturana,,[]
464,[],/w/index.php?title=Opera%C3%A7%C3%A3o_Sofia&action=edit&redlink=1,,Operação Sofia,,[]
465,[],/w/index.php?title=Opera%C3%A7%C3%A3o_Repique&action=edit&redlink=1,,Operação Repique,,[]
466,[],/w/index.php?title=Opera%C3%A7%C3%A3o_Corvina&action=edit&redlink=1,,Operação Corvina,,[]
467,[],/w/index.php?title=Opera%C3%A7%C3%A3o_Feitoria&action=edit&redlink=1,,Operação Feitoria,,[]
468,[],/w/index.php?title=Opera%C3%A7%C3%A3o_Monte_L%C3%ADbano&action=edit&redlink=1,,Operação Monte Líbano,,[]
469,[],/w/index.php?title=Opera%C3%A7%C3%A3o_Spoter&action=edit&redlink=1,,Operação Spoter,,[]
470,[],/w/index.php?title=Opera%C3%A7%C3%A3o_Garoa&action=edit&redlink=1,,Operação Garoa,,[]
471,[],/w/index.php?title=Opera%C3%A7%C3%A3o_Rapina&action=edit&redlink=1,,Operação Rapina,,[]
472,[],/w/index.php?title=Opera%C3%A7%C3%A3o_Imp%C3%A9rio&action=edit&redlink=1,,Operação Império,,[]
473,[],/w/index.php?title=Opera%C3%A7%C3%A3o_Toscano&action=edit&redlink=1,,Operação Toscano,,[]
474,[],/w/index.php?title=Opera%C3%A7%C3%A3o_Naufr%C3%A1gio&action=edit&redlink=1,,Operação Naufrágio,,[]
475,[],/w/index.php?title=Opera%C3%A7%C3%A3o_Toca&action=edit&redlink=1,,Operação Toca,,[]
476,[],/w/index.php?title=Opera%C3%A7%C3%A3o_Al_Capone&action=edit&redlink=1,,Operação Al Capone,,[]
477,[],/w/index.php?title=Opera%C3%A7%C3%A3o_Carrossel&action=edit&redlink=1,,Operação Carrossel,,[]
478,[],/w/index.php?title=Opera%C3%A7%C3%A3o_Good_Vibes&action=edit&redlink=1,,Operação Good Vibes,,[]
479,[],/w/index.php?title=Opera%C3%A7%C3%A3o_Cartas_Marcadas&action=edit&redlink=1,,Operação Cartas Marcadas,#cite_note-5,[]
480,[],/w/index.php?title=Opera%C3%A7%C3%A3o_Moeda&action=edit&redlink=1,,Operação Moeda,,[]
481,[],/w/index.php?title=Opera%C3%A7%C3%A3o_Mula&action=edit&redlink=1,,Operação Mula,,[]
482,[],/w/index.php?title=Opera%C3%A7%C3%A3o_Am%C3%A1lgama&action=edit&redlink=1,,Operação Amálgama,,[]
483,[],/w/index.php?title=Opera%C3%A7%C3%A3o_Boas_Vindas_III&action=edit&redlink=1,,Operação Boas Vindas III,,[]
484,[],/w/index.php?title=Opera%C3%A7%C3%A3o_Rede_Marginal&action=edit&redlink=1,,Operação Rede Marginal,,[]
485,[],/w/index.php?title=Opera%C3%A7%C3%A3o_Iceberg&action=edit&redlink=1,,Operação Iceberg,,[]
486,[],/w/index.php?title=Opera%C3%A7%C3%A3o_Interfer%C3%AAncia&action=edit&redlink=1,,Operação Interferência,,[]
487,[],/w/index.php?title=Opera%C3%A7%C3%A3o_Arredores&action=edit&redlink=1,,Operação Arredores,,[]
488,[],/w/index.php?title=Opera%C3%A7%C3%A3o_Centro&action=edit&redlink=1,,Operação Centro,,[]
489,[],/wiki/Opera%C3%A7%C3%A3o_H%C3%ADgia,,Operação Hígia,,[]
490,[],/w/index.php?title=Opera%C3%A7%C3%A3o_Kabuf&action=edit&redlink=1,,Operação Kabuf,,[]
491,[],/w/index.php?title=Opera%C3%A7%C3%A3o_Pirita&action=edit&redlink=1,,Operação Pirita,,[]
492,[],/w/index.php?title=Opera%C3%A7%C3%A3o_Ingo&action=edit&redlink=1,,Operação Ingo,,[]
493,[],/w/index.php?title=Opera%C3%A7%C3%A3o_Desvio_Qu%C3%ADmico&action=edit&redlink=1,,Operação Desvio Químico,,[]
494,[],/w/index.php?title=Opera%C3%A7%C3%A3o_Arco_de_Fogo&action=edit&redlink=1,,Operação Arco de Fogo,,[]
495,[],/w/index.php?title=Opera%C3%A7%C3%A3o_S%C3%A3o_Jos%C3%A9&action=edit&redlink=1,,Operação São José,,[]
496,[],/w/index.php?title=Opera%C3%A7%C3%A3o_Varredura&action=edit&redlink=1,,Operação Varredura,,[]
497,[],/w/index.php?title=Opera%C3%A7%C3%A3o_Aldeia_Livre&action=edit&redlink=1,,Operação Aldeia Livre,,[]
498,[],/w/index.php?title=Opera%C3%A7%C3%A3o_Flash_Back&action=edit&redlink=1,,Operação Flash Back,,[]
499,[],/w/index.php?title=Opera%C3%A7%C3%A3o_Centelha&action=edit&redlink=1,,Operação Centelha,,[]
500,[],/w/index.php?title=Opera%C3%A7%C3%A3o_Madri&action=edit&redlink=1,,Operação Madri,,[]
501,[],/w/index.php?title=Opera%C3%A7%C3%A3o_Tarrafa&action=edit&redlink=1,,Operação Tarrafa,,[]
502,[],/w/index.php?title=Opera%C3%A7%C3%A3o_Integrada_Afrodite&action=edit&redlink=1,,Operação Integrada Afrodite,,[]
503,[],/w/index.php?title=Opera%C3%A7%C3%A3o_Telhado_de_Vidro&action=edit&redlink=1,,Operação Telhado de Vidro,,[]
504,[],/w/index.php?title=Opera%C3%A7%C3%A3o_Pin%C3%B3quio&action=edit&redlink=1,,Operação Pinóquio,,[]
505,[],/w/index.php?title=Opera%C3%A7%C3%A3o_Fariseu&action=edit&redlink=1,,Operação Fariseu,,[]
506,[],/w/index.php?title=Opera%C3%A7%C3%A3o_Cola&action=edit&redlink=1,,Operação Cola,,[]
507,[],/w/index.php?title=Opera%C3%A7%C3%A3o_P%C3%B3rtico&action=edit&redlink=1,,Operação Pórtico,,[]
508,[],/wiki/Opera%C3%A7%C3%A3o_Paralelo,,Operação Paralelo,,[]
509,[],/w/index.php?title=Opera%C3%A7%C3%A3o_Pleno_Emprego&action=edit&redlink=1,,Operação Pleno Emprego,,[]
510,[],/w/index.php?title=Opera%C3%A7%C3%A3o_Contram%C3%A3o&action=edit&redlink=1,,Operação Contramão,,[]
511,[],/w/index.php?title=Opera%C3%A7%C3%A3o_Rapina_II&action=edit&redlink=1,,Operação Rapina II,,[]
512,[],/w/index.php?title=Opera%C3%A7%C3%A3o_Titanic&action=edit&redlink=1,,Operação Titanic,,[]
513,[],/w/index.php?title=Opera%C3%A7%C3%A3o_Pechisbeque&action=edit&redlink=1,,Operação Pechisbeque,,[]
514,[],/w/index.php?title=Opera%C3%A7%C3%A3o_Pas%C3%A1rgada&action=edit&redlink=1,,Operação Pasárgada,,[]
515,[],/w/index.php?title=Opera%C3%A7%C3%A3o_Muralha&action=edit&redlink=1,,Operação Muralha,,[]
516,[],/w/index.php?title=Opera%C3%A7%C3%A3o_Contato&action=edit&redlink=1,,Operação Contato,,[]
517,[],/w/index.php?title=Opera%C3%A7%C3%A3o_Nautilus&action=edit&redlink=1,,Operação Nautilus,,[]
518,[],/w/index.php?title=Opera%C3%A7%C3%A3o_Buti%C3%A1&action=edit&redlink=1,,Operação Butiá,,[]
519,[],/w/index.php?title=Opera%C3%A7%C3%A3o_Aux%C3%ADlio-Sufr%C3%A1gio&action=edit&redlink=1,,Operação Auxílio-Sufrágio,,[]
520,[],/w/index.php?title=Opera%C3%A7%C3%A3o_Santa_Teresa&action=edit&redlink=1,,Operação Santa Teresa,,[]
521,[],/w/index.php?title=Opera%C3%A7%C3%A3o_Termes&action=edit&redlink=1,,Operação Termes,,[]
522,[],/w/index.php?title=Opera%C3%A7%C3%A3o_Treviso&action=edit&redlink=1,,Operação Treviso,,[]
523,[],/w/index.php?title=Opera%C3%A7%C3%A3o_Anjos_do_Sol&action=edit&redlink=1,,Operação Anjos do Sol,,[]
524,[],/w/index.php?title=Opera%C3%A7%C3%A3o_Bolsa-Receita&action=edit&redlink=1,,Operação Bolsa-Receita,,[]
525,[],/w/index.php?title=Opera%C3%A7%C3%A3o_Camale%C3%A3o&action=edit&redlink=1,,Operação Camaleão,,[]
526,[],/w/index.php?title=Opera%C3%A7%C3%A3o_N%C3%AAmesis_(Brasil)&action=edit&redlink=1,,Operação Nêmesis,,[]
527,[],/w/index.php?title=Opera%C3%A7%C3%A3o_Colheita&action=edit&redlink=1,,Operação Colheita,,[]
528,[],/w/index.php?title=Opera%C3%A7%C3%A3o_Cardume&action=edit&redlink=1,,Operação Cardume,,[]
529,[],/w/index.php?title=Opera%C3%A7%C3%A3o_Lactose&action=edit&redlink=1,,Operação Lactose,,[]
530,[],/w/index.php?title=Opera%C3%A7%C3%A3o_Neve_no_Cerrado&action=edit&redlink=1,,Operação Neve no Cerrado,,[]
531,[],/w/index.php?title=Opera%C3%A7%C3%A3o_Diamante_Negro&action=edit&redlink=1,,Operação Diamante Negro,,[]
532,[],/w/index.php?title=Opera%C3%A7%C3%A3o_Vorax&action=edit&redlink=1,,Operação Vorax,,[]
533,[],/w/index.php?title=Opera%C3%A7%C3%A3o_Camuflagem&action=edit&redlink=1,,Operação Camuflagem,,[]
534,[],/w/index.php?title=Opera%C3%A7%C3%A3o_Caipora&action=edit&redlink=1,,Operação Caipora,,[]
535,[],/w/index.php?title=Opera%C3%A7%C3%A3o_Seguran%C3%A7a_P%C3%BAblica&action=edit&redlink=1,,Operação Segurança Pública,#cite_note-7,[]
536,[],/w/index.php?title=Opera%C3%A7%C3%A3o_Canal_70.1&action=edit&redlink=1,,Operação Canal 70.1,,[]
537,[],/w/index.php?title=Opera%C3%A7%C3%A3o_Cartada_Final&action=edit&redlink=1,,Operação Cartada Final,,[]
538,[],/w/index.php?title=Opera%C3%A7%C3%A3o_Sinal_Vermelho&action=edit&redlink=1,,Operação Sinal Vermelho,,[]
539,[],/w/index.php?title=Opera%C3%A7%C3%A3o_Albergue&action=edit&redlink=1,,Operação Albergue,,[]
540,[],/wiki/Opera%C3%A7%C3%A3o_Savana,,Operação Savana,,[]
541,[],/w/index.php?title=Opera%C3%A7%C3%A3o_Pedra_de_Fogo&action=edit&redlink=1,,Operação Pedra de Fogo,,[]
542,[],/w/index.php?title=Opera%C3%A7%C3%A3o_Esperan%C3%A7a&action=edit&redlink=1,,Operação Esperança,,[]
543,[],/w/index.php?title=Opera%C3%A7%C3%A3o_Banacre&action=edit&redlink=1,,Operação Banacre,,[]
544,[],/w/index.php?title=Opera%C3%A7%C3%A3o_Arcanjo&action=edit&redlink=1,,Operação Arcanjo,,[]
545,[],/w/index.php?title=Opera%C3%A7%C3%A3o_Placebo_II&action=edit&redlink=1,,Operação Placebo II,,[]
546,[],/w/index.php?title=Opera%C3%A7%C3%A3o_Rosa_dos_Ventos_V&action=edit&redlink=1,,Operação Rosa dos Ventos V,,[]
547,[],/w/index.php?title=Opera%C3%A7%C3%A3o_Cariri&action=edit&redlink=1,,Operação Cariri,,[]
548,[],/w/index.php?title=Opera%C3%A7%C3%A3o_Capelinha&action=edit&redlink=1,,Operação Capelinha,,[]
549,[],/w/index.php?title=Opera%C3%A7%C3%A3o_Fronteira_Sul&action=edit&redlink=1,,Operação Fronteira Sul,,[]
550,[],/w/index.php?title=Opera%C3%A7%C3%A3o_Cana_Brava&action=edit&redlink=1,,Operação Cana Brava,,[]
551,[],/w/index.php?title=Opera%C3%A7%C3%A3o_Passadi%C3%A7o&action=edit&redlink=1,,Operação Passadiço,,[]
552,[],/w/index.php?title=Opera%C3%A7%C3%A3o_de_Volta_Para_Pas%C3%A1rgada&action=edit&redlink=1,,Operação de Volta Para Pasárgada,,[]
553,[],/w/index.php?title=Opera%C3%A7%C3%A3o_Lambari&action=edit&redlink=1,,Operação Lambari,,[]
554,[],/wiki/Opera%C3%A7%C3%A3o_H%C3%ADgia,,Operação Hígia,,[]
555,[],/w/index.php?title=Opera%C3%A7%C3%A3o_Gest%C3%A3o_Plena&action=edit&redlink=1,,Operação Gestão Plena,,[]
556,[],/w/index.php?title=Opera%C3%A7%C3%A3o_Pampa&action=edit&redlink=1,,Operação Pampa,,[]
557,[],/w/index.php?title=Opera%C3%A7%C3%A3o_Guarani&action=edit&redlink=1,,Operação Guarani,,[]
558,[],/w/index.php?title=Opera%C3%A7%C3%A3o_Balaiada&action=edit&redlink=1,,Operação Balaiada,,[]
559,[],/w/index.php?title=Opera%C3%A7%C3%A3o_Clone&action=edit&redlink=1,,Operação Clone,,[]
560,[],/w/index.php?title=Opera%C3%A7%C3%A3o_Influenza&action=edit&redlink=1,,Operação Influenza,,[]
561,[],/w/index.php?title=Opera%C3%A7%C3%A3o_Jo%C3%A3o-de-Barro&action=edit&redlink=1,,Operação João-de-Barro,,[]
562,[],/w/index.php?title=Opera%C3%A7%C3%A3o_Porto&action=edit&redlink=1,,Operação Porto,,[]
563,[],/w/index.php?title=Opera%C3%A7%C3%A3o_Teimoso&action=edit&redlink=1,,Operação Teimoso,,[]
564,[],/w/index.php?title=Opera%C3%A7%C3%A3o_Jogo_Perigoso&action=edit&redlink=1,,Operação Jogo Perigoso,,[]
565,[],/w/index.php?title=Opera%C3%A7%C3%A3o_Miami&action=edit&redlink=1,,Operação Miami,,[]
566,[],/w/index.php?title=Opera%C3%A7%C3%A3o_Houdini&action=edit&redlink=1,,Operação Houdini,,[]
567,[],/w/index.php?title=Opera%C3%A7%C3%A3o_Quixad%C3%A1&action=edit&redlink=1,,Operação Quixadá,,[]
568,[],/w/index.php?title=Opera%C3%A7%C3%A3o_Loki&action=edit&redlink=1,,Operação Loki,,[]
569,[],/w/index.php?title=Opera%C3%A7%C3%A3o_Posto_Seguro&action=edit&redlink=1,,Operação Posto Seguro,,[]
570,[],/w/index.php?title=Opera%C3%A7%C3%A3o_Epidemia&action=edit&redlink=1,,Operação Epidemia,,[]
571,[],/w/index.php?title=Opera%C3%A7%C3%A3o_Arredores_II&action=edit&redlink=1,,Operação Arredores II,,[]
572,[],/w/index.php?title=Opera%C3%A7%C3%A3o_Serpente_Negra&action=edit&redlink=1,,Operação Serpente Negra,,[]
573,[],/w/index.php?title=Opera%C3%A7%C3%A3o_Arquip%C3%A9lago&action=edit&redlink=1,,Operação Arquipélago,,[]
574,[],/w/index.php?title=Opera%C3%A7%C3%A3o_I-Commerce_II&action=edit&redlink=1,,Operação I-Commerce II,,[]
575,[],/w/index.php?title=Opera%C3%A7%C3%A3o_Play_Back&action=edit&redlink=1,,Operação Play Back,,[]
576,[],/w/index.php?title=Opera%C3%A7%C3%A3o_Olympia&action=edit&redlink=1,,Operação Olympia,,[]
577,[],/w/index.php?title=Opera%C3%A7%C3%A3o_M%C3%A3o_Invis%C3%ADvel&action=edit&redlink=1,,Operação Mão Invisível,,[]
578,[],/wiki/Opera%C3%A7%C3%A3o_Satiagraha,,Operação Satiagraha,,[]
579,[],/w/index.php?title=Opera%C3%A7%C3%A3o_Bicho_Mineiro&action=edit&redlink=1,,Operação Bicho Mineiro,,[]
580,[],/w/index.php?title=Opera%C3%A7%C3%A3o_Colheita_Norte&action=edit&redlink=1,,Operação Colheita Norte,,[]
581,[],/w/index.php?title=Opera%C3%A7%C3%A3o_Combate&action=edit&redlink=1,,Operação Combate,,[]
582,[],/w/index.php?title=Opera%C3%A7%C3%A3o_M%C3%A3os_Dadas&action=edit&redlink=1,,Operação Mãos Dadas,,[]
583,[],/w/index.php?title=Opera%C3%A7%C3%A3o_Toque_de_Midas&action=edit&redlink=1,,Operação Toque de Midas,,[]
584,[],/w/index.php?title=Opera%C3%A7%C3%A3o_San_Lucca&action=edit&redlink=1,,Operação San Lucca,,[]
585,[],/w/index.php?title=Opera%C3%A7%C3%A3o_Kir%C3%A3o&action=edit&redlink=1,,Operação Kirão,,[]
586,[],/w/index.php?title=Opera%C3%A7%C3%A3o_Akator&action=edit&redlink=1,,Operação Akator,,[]
587,[],/w/index.php?title=Opera%C3%A7%C3%A3o_Ferreiro&action=edit&redlink=1,,Operação Ferreiro,,[]
588,[],/w/index.php?title=Opera%C3%A7%C3%A3o_Norne&action=edit&redlink=1,,Operação Norne,,[]
589,[],/w/index.php?title=Opera%C3%A7%C3%A3o_Cascavel&action=edit&redlink=1,,Operação Cascavel,,[]
590,[],/w/index.php?title=Opera%C3%A7%C3%A3o_Psicose&action=edit&redlink=1,,Operação Psicose,,[]
591,[],/w/index.php?title=Opera%C3%A7%C3%A3o_Pedra_Redonda&action=edit&redlink=1,,Operação Pedra Redonda,,[]
592,[],/w/index.php?title=Opera%C3%A7%C3%A3o_Deja_Vu&action=edit&redlink=1,,Operação Deja Vu,,[]
593,[],/wiki/Opera%C3%A7%C3%A3o_Avalanche,,Operação Avalanche,,[]
594,[],,,Operação Boi Branco,#cite_note-8,[]
595,[],/wiki/Opera%C3%A7%C3%A3o_Caixa_de_Pandora,,Operação Caixa de Pandora,,[]
596,[],/wiki/Opera%C3%A7%C3%A3o_Castelo_de_Areia,,Operação Castelo de Areia,,[]
597,[],/wiki/Opera%C3%A7%C3%A3o_Maet,,Operação Maet,,[]
598,[],/w/index.php?title=Opera%C3%A7%C3%A3o_Refino&action=edit&redlink=1,,Operação Refino,,[]
599,[],,,Operação Ilusão de Ótica,,[]
600,[],,,Operação Dedicado,,[]
601,[],/wiki/Opera%C3%A7%C3%A3o_Intoler%C3%A2ncia_da_Pol%C3%ADcia_Federal,,Operação Intolerância da Polícia Federal,#cite_note-11,[]
602,[],/w/index.php?title=Opera%C3%A7%C3%A3o_Porto_Seguro&action=edit&redlink=1,,Operação Porto Seguro,,[]
603,[],/w/index.php?title=Opera%C3%A7%C3%A3o_Durkheim&action=edit&redlink=1,,Operação Durkheim,,[]
604,[],/w/index.php?title=Opera%C3%A7%C3%A3o_Crackalves&action=edit&redlink=1,,Operação Crackalves,,[]
605,[],/w/index.php?title=Opera%C3%A7%C3%A3o_Garina&action=edit&redlink=1,,Operação Garina,#cite_note-13,[]
606,[],/w/index.php?title=Opera%C3%A7%C3%A3o_Planeta&action=edit&redlink=1,,Operação Planeta,#cite_note-14,[]
607,[],/w/index.php?title=Opera%C3%A7%C3%A3o_Concutare&action=edit&redlink=1,,Operação Concutare,#cite_note-15,[]
608,[],/w/index.php?title=Opera%C3%A7%C3%A3o_G-7&action=edit&redlink=1,,Operação G-7,#cite_note-16,[]
609,[],/wiki/Opera%C3%A7%C3%A3o_Ararath,,Operação Ararath,,[]
610,[],/wiki/Opera%C3%A7%C3%A3o_Miqu%C3%A9ias,,Operação Miquéias,#cite_note-17,[]
611,[],/w/index.php?title=Opera%C3%A7%C3%A3o_%C3%89skhara&action=edit&redlink=1,,Operação Éskhara,#cite_note-18,[]
612,[],/w/index.php?title=Opera%C3%A7%C3%A3o_Darknet&action=edit&redlink=1,,Operação Darknet,#cite_note-19,[]
613,[],/wiki/Opera%C3%A7%C3%A3o_Lava_Jato,,Operação Lava Jato,#cite_note-20,[]
614,['Operação Lava Jato'],/w/index.php?title=Opera%C3%A7%C3%A3o_Bidone&action=edit&redlink=1,,Operação Bidone,,[]
615,['Operação Lava Jato'],/w/index.php?title=Opera%C3%A7%C3%A3o_Dolce_Vita&action=edit&redlink=1,,Operação Dolce Vita,,[]
616,['Operação Lava Jato'],/w/index.php?title=Opera%C3%A7%C3%A3o_Casablanca&action=edit&redlink=1,,Operação Casablanca,,[]
617,['Operação Lava Jato'],/w/index.php?title=Opera%C3%A7%C3%A3o_Bidone_II&action=edit&redlink=1,,Operação Bidone II,,[]
618,['Operação Lava Jato'],/w/index.php?title=Opera%C3%A7%C3%A3o_Bidone_III&action=edit&redlink=1,,Operação Bidone III,,[]
619,['Operação Lava Jato'],/wiki/Opera%C3%A7%C3%A3o_Ju%C3%ADzo_Final,,Operação Juízo Final,#cite_note-21,[]
620,[],/w/index.php?title=Opera%C3%A7%C3%A3o_Carmelina&action=edit&redlink=1,,Operação Carmelina,#cite_note-22,[]
621,[],/wiki/Opera%C3%A7%C3%A3o_Gafanhotos,,Operação Gafanhotos,#cite_note-23,[]
622,[],/w/index.php?title=Opera%C3%A7%C3%A3o_Zaqueu&action=edit&redlink=1,,Operação Zaqueu,#cite_note-24,[]
623,[],/w/index.php?title=Opera%C3%A7%C3%A3o_Pulso&action=edit&redlink=1,,Operação Pulso,#cite_note-25,[]
624,[],/wiki/Opera%C3%A7%C3%A3o_Zelotes,,Operação Zelotes,#cite_note-26,[]
625,['Operação Zelotes'],/wiki/Opera%C3%A7%C3%A3o_Zelotes#Segunda_Fase,,Operação Zelotes,#cite_note-27,[]
626,['Operação Zelotes'],/wiki/Opera%C3%A7%C3%A3o_Zelotes#Terceira_Fase,,Operação Zelotes,#cite_note-28,[]
627,['Operação Zelotes'],/wiki/Opera%C3%A7%C3%A3o_Zelotes#Quarta_Fase,,Operação Zelotes,#cite_note-29,[]
628,['Operação Zelotes'],/wiki/Opera%C3%A7%C3%A3o_Zelotes#Quinta_Fase,,Operação Zelotes,#cite_note-30,[]
629,[],/wiki/Opera%C3%A7%C3%A3o_Acr%C3%B4nimo,,Operação Acrônimo,#cite_note-31,[]
630,[],/w/index.php?title=Opera%C3%A7%C3%A3o_Andaime_II&action=edit&redlink=1,,Operação Andaime II,#cite_note-33,[]
631,[],/wiki/Opera%C3%A7%C3%A3o_Lava_Jato,,Operação Lava Jato,,[]
632,['Operação Lava Jato'],/w/index.php?title=8.%C2%AA_fase_da_Opera%C3%A7%C3%A3o_Lava_Jato&action=edit&redlink=1,,8.ª fase da Operação Lava Jato,#cite_note-34,[]
633,['Operação Lava Jato'],/wiki/Opera%C3%A7%C3%A3o_My_Way,,Operação My Way,#cite_note-35,[]
634,['Operação Lava Jato'],/wiki/Opera%C3%A7%C3%A3o_Que_Pa%C3%ADs_%C3%A9_esse,,Operação Que País é esse,#cite_note-36,[]
635,['Operação Lava Jato'],/wiki/Opera%C3%A7%C3%A3o_A_Origem,,Operação A Origem,#cite_note-37,[]
636,['Operação Lava Jato'],/w/index.php?title=12.%C2%AA_fase_da_Opera%C3%A7%C3%A3o_Lava_Jato&action=edit&redlink=1,,12.ª fase da Operação Lava Jato,#cite_note-38,[]
637,['Operação Lava Jato'],/w/index.php?title=13.%C2%AA_fase_da_Opera%C3%A7%C3%A3o_Lava_Jato&action=edit&redlink=1,,13.ª fase da Operação Lava Jato,#cite_note-39,[]
638,['Operação Lava Jato'],/wiki/Opera%C3%A7%C3%A3o_Erga_Omnes,,Operação Erga Omnes,#cite_note-40,[]
639,[],/wiki/Opera%C3%A7%C3%A3o_Ponto_Final,,Operação Ponto Final,,[]
640,['Operação Ponto Final'],/wiki/Opera%C3%A7%C3%A3o_Conex%C3%A3o_M%C3%B4naco,,Operação Conexão Mônaco,#cite_note-41,[]
641,['Operação Ponto Final'],/wiki/Opera%C3%A7%C3%A3o_Politeia,,Operação Politeia,#cite_note-42,[]
642,['Operação Ponto Final'],/wiki/Opera%C3%A7%C3%A3o_Radiotividade,,Operação Radiotividade,#cite_note-43,[]
643,['Operação Ponto Final'],/wiki/Opera%C3%A7%C3%A3o_Pixuleco,,Operação Pixuleco,#cite_note-44,[]
644,['Operação Ponto Final'],/wiki/Opera%C3%A7%C3%A3o_Pixuleco_II,,Operação Pixuleco II,#cite_note-45,[]
645,['Operação Ponto Final'],/wiki/Opera%C3%A7%C3%A3o_Nessun_Dorma,,Operação Nessun Dorma,#cite_note-46,[]
646,['Operação Ponto Final'],/wiki/Opera%C3%A7%C3%A3o_Corros%C3%A3o,,Operação Corrosão,#cite_note-47,[]
647,['Operação Ponto Final'],/wiki/Opera%C3%A7%C3%A3o_Passe_Livre,,Operação Passe Livre,#cite_note-48,[]
648,['Operação Ponto Final'],/wiki/Opera%C3%A7%C3%A3o_Cr%C3%A1tons,,Operação Crátons,#cite_note-49,[]
649,['Operação Ponto Final'],/wiki/Opera%C3%A7%C3%A3o_Vidas_Secas,,Operação Vidas Secas,#cite_note-50,[]
650,['Operação Ponto Final'],/wiki/Opera%C3%A7%C3%A3o_Catilin%C3%A1rias,,Operação Catilinárias,#cite_note-51,[]
651,['Operação Ponto Final'],/wiki/Opera%C3%A7%C3%A3o_Sangue_Negro,,Operação Sangue Negro,#cite_note-52,[]
652,[],/wiki/Opera%C3%A7%C3%A3o_Gol_Contra,,Operação Gol Contra,,[]
653,[],/wiki/Opera%C3%A7%C3%A3o_Expresso_150,,Operação Expresso 150,,[]
654,[],/w/index.php?title=Opera%C3%A7%C3%A3o_Ascl%C3%A9pia&action=edit&redlink=1,,Operação Asclépia,#cite_note-53,[]
655,[],/w/index.php?title=Opera%C3%A7%C3%A3o_Dupla_Face&action=edit&redlink=1,,Operação Dupla Face,#cite_note-54,[]
656,[],/wiki/Opera%C3%A7%C3%A3o_Lava_Jato,,Operação Lava Jato,,[]
657,['Operação Lava Jato'],/wiki/Opera%C3%A7%C3%A3o_Triplo_X,,Operação Triplo X,#cite_note-55,[]
658,['Operação Lava Jato'],/wiki/Opera%C3%A7%C3%A3o_Acaraj%C3%A9,,Operação Acarajé,#cite_note-56,[]
659,['Operação Lava Jato'],/wiki/Opera%C3%A7%C3%A3o_O_Recebedor,,Operação O Recebedor,#cite_note-57,[]
660,['Operação Lava Jato'],/wiki/Opera%C3%A7%C3%A3o_Aletheia,,Operação Aletheia,#cite_note-58,[]
661,['Operação Lava Jato'],/wiki/Desdobramento_da_Opera%C3%A7%C3%A3o_Acaraj%C3%A9,,Desdobramento da Operação Acarajé,#cite_note-59,[]
662,['Operação Lava Jato'],/wiki/Opera%C3%A7%C3%A3o_Polimento,,Operação Polimento,#cite_note-60,[]
663,['Operação Lava Jato'],/wiki/Opera%C3%A7%C3%A3o_Xepa,,Operação Xepa,#cite_note-61,[]
664,['Operação Lava Jato'],/wiki/Opera%C3%A7%C3%A3o_Carbono_14,,Operação Carbono 14,#cite_note-62,[]
665,['Operação Lava Jato'],/wiki/Opera%C3%A7%C3%A3o_Vit%C3%B3ria_de_Pirro,,Operação Vitória de Pirro,#cite_note-63,[]
666,['Operação Lava Jato'],/wiki/Opera%C3%A7%C3%A3o_Janus,,Operação Janus,#cite_note-64,[]
667,['Operação Lava Jato'],/wiki/Opera%C3%A7%C3%A3o_Repescagem,,Operação Repescagem,#cite_note-65,[]
668,['Operação Lava Jato'],/wiki/Opera%C3%A7%C3%A3o_V%C3%ADcio,,Operação Vício,#cite_note-66,[]
669,['Operação Lava Jato'],/wiki/Opera%C3%A7%C3%A3o_Custo_Brasil,,Operação Custo Brasil,#cite_note-67,[]
670,['Operação Lava Jato'],/wiki/Opera%C3%A7%C3%A3o_Tabela_Peri%C3%B3dica,,Operação Tabela Periódica,#cite_note-68,[]
671,['Operação Lava Jato'],/wiki/Opera%C3%A7%C3%A3o_S%C3%A9psis,,Operação Sépsis,#cite_note-69,[]
672,['Operação Lava Jato'],/wiki/Opera%C3%A7%C3%A3o_Abismo,,Operação Abismo,#cite_note-70,[]
673,['Operação Lava Jato'],/wiki/Opera%C3%A7%C3%A3o_Pripyat,,Operação Pripyat,#cite_note-71,[]
674,['Operação Lava Jato'],/wiki/Opera%C3%A7%C3%A3o_Ca%C3%A7a-Fantasmas,,Operação Caça-Fantasmas,#cite_note-72,[]
675,['Operação Lava Jato'],/wiki/Opera%C3%A7%C3%A3o_Resta_Um,,Operação Resta Um,#cite_note-74,[]
676,['Operação Lava Jato'],/wiki/Opera%C3%A7%C3%A3o_Irmandade,,Operação Irmandade,#cite_note-75,[]
677,['Operação Lava Jato'],/wiki/Opera%C3%A7%C3%A3o_Arquivo_X,,Operação Arquivo X,#cite_note-76,[]
678,['Operação Lava Jato'],/wiki/Opera%C3%A7%C3%A3o_Omert%C3%A0,,Operação Omertà,#cite_note-77,[]
679,['Operação Lava Jato'],/wiki/Opera%C3%A7%C3%A3o_Drag%C3%A3o_(Pol%C3%ADcia_Federal),,Operação Dragão,#cite_note-78,[]
680,['Operação Lava Jato'],/wiki/Opera%C3%A7%C3%A3o_Calicute,,Operação Calicute,#cite_note-79,[]
681,['Operação Lava Jato'],/wiki/Opera%C3%A7%C3%A3o_Deflex%C3%A3o,,Operação Deflexão,#cite_note-80,[]
682,['Operação Lava Jato'],/wiki/Opera%C3%A7%C3%A3o_Descontrole,,Operação Descontrole,#cite_note-81,[]
683,[],/wiki/Opera%C3%A7%C3%A3o_Zelotes,,Operação Zelotes,,[]
684,['Operação Zelotes'],/wiki/Opera%C3%A7%C3%A3o_Zelotes#Sexta_Fase,,Operação Zelotes,#cite_note-82,[]
685,['Operação Zelotes'],/wiki/Opera%C3%A7%C3%A3o_Zelotes#Sétima_Fase,,Operação Zelotes,,[]
686,['Operação Zelotes'],/wiki/Opera%C3%A7%C3%A3o_Zelotes#Oitava_Fase,,Operação Zelotes,,[]
687,[],/w/index.php?title=Opera%C3%A7%C3%A3o_Cr%C3%A9ditos_Podres&action=edit&redlink=1,,Operação Créditos Podres,#cite_note-83,[]
688,[],/w/index.php?title=Opera%C3%A7%C3%A3o_Falsa_Morada&action=edit&redlink=1,,Operação Falsa Morada,#cite_note-84,[]
689,[],/wiki/Opera%C3%A7%C3%A3o_Acr%C3%B4nimo,,Operação Acrônimo,,[]
690,['Operação Acrônimo'],/wiki/Opera%C3%A7%C3%A3o_Acr%C3%B4nimo#Quinta_Fase,,Operação Acrônimo,#cite_note-86,[]
691,[],/wiki/Opera%C3%A7%C3%A3o_Mar_de_Lama,,Operação Mar de Lama,#cite_note-87,[]
692,[],/wiki/Opera%C3%A7%C3%A3o_Esfinge,,Operação Esfinge,#cite_note-88,[]
693,[],/w/index.php?title=Opera%C3%A7%C3%A3o_Bota-Fora&action=edit&redlink=1,,Operação Bota-Fora,#cite_note-89,[]
694,[],/w/index.php?title=Opera%C3%A7%C3%A3o_Turbul%C3%AAncia&action=edit&redlink=1,,Operação Turbulência,#cite_note-90,[]
695,[],/wiki/Opera%C3%A7%C3%A3o_Recome%C3%A7o,,Operação Recomeço,#cite_note-92,[]
696,[],/wiki/Opera%C3%A7%C3%A3o_Boca_Livre,,Operação Boca Livre,#cite_note-93,[]
697,[],/w/index.php?title=Opera%C3%A7%C3%A3o_L%C3%A1zaro&action=edit&redlink=1,,Operação Lázaro,#cite_note-94,[]
698,[],/wiki/Opera%C3%A7%C3%A3o_Saqueador,,Operação Saqueador,#cite_note-95,[]
699,[],/w/index.php?title=Opera%C3%A7%C3%A3o_Black_List&action=edit&redlink=1,,Operação Black List,#cite_note-96,[]
700,[],/wiki/Opera%C3%A7%C3%A3o_Quatro_M%C3%A3os,,Operação Quatro Mãos,#cite_note-97,[]
701,[],/w/index.php?title=Opera%C3%A7%C3%A3o_Mato_Cerrado&action=edit&redlink=1,,Operação Mato Cerrado,#cite_note-98,[]
702,[],/w/index.php?title=Opera%C3%A7%C3%A3o_Invers%C3%A3o&action=edit&redlink=1,,Operação Inversão,#cite_note-99,[]
703,[],/w/index.php?title=Opera%C3%A7%C3%A3o_Dopamina&action=edit&redlink=1,,Operação Dopamina,#cite_note-100,[]
704,[],/w/index.php?title=Opera%C3%A7%C3%A3o_Ali_Bab%C3%A1&action=edit&redlink=1,,Operação Ali Babá,#cite_note-102,[]
705,[],/wiki/Opera%C3%A7%C3%A3o_Hashtag,,Operação Hashtag,#cite_note-105,[]
706,[],/w/index.php?title=Opera%C3%A7%C3%A3o_Decanta%C3%A7%C3%A3o&action=edit&redlink=1,,Operação Decantação,#cite_note-106,[]
707,[],/w/index.php?title=Opera%C3%A7%C3%A3o_Sevandija&action=edit&redlink=1,,Operação Sevandija,#cite_note-107,[]
708,[],/wiki/Opera%C3%A7%C3%A3o_Greenfield,,Operação Greenfield,#cite_note-108,[]
709,[],/w/index.php?title=Opera%C3%A7%C3%A3o_V%C3%A9u_Protetor&action=edit&redlink=1,,Operação Véu Protetor,#cite_note-109,[]
710,[],/wiki/Opera%C3%A7%C3%A3o_%C3%81pia,,Operação Ápia,#cite_note-110,[]
711,[],/w/index.php?title=Opera%C3%A7%C3%A3o_For_All&action=edit&redlink=1,,Operação For All,#cite_note-111,[]
712,[],/wiki/Opera%C3%A7%C3%A3o_M%C3%A9tis,,Operação Métis,#cite_note-113,[]
713,[],/w/index.php?title=Opera%C3%A7%C3%A3o_Chequinho&action=edit&redlink=1,,Operação Chequinho,#cite_note-114,[]
714,[],/wiki/Opera%C3%A7%C3%A3o_Nenhures,,Operação Nenhures,,[]
715,[],/w/index.php?title=Opera%C3%A7%C3%A3o_Darknet&action=edit&redlink=1,,Operação Darknet,,[]
716,[],/w/index.php?title=Opera%C3%A7%C3%A3o_Rios_Voadores&action=edit&redlink=1,,Operação Rios Voadores,,[]
717,[],/w/index.php?title=Opera%C3%A7%C3%A3o_Barba_Negra&action=edit&redlink=1,,Operação Barba Negra,,[]
718,[],/w/index.php?title=Opera%C3%A7%C3%A3o_Fides&action=edit&redlink=1,,Operação Fides,,[]
719,[],/w/index.php?title=Opera%C3%A7%C3%A3o_Livre_Concorr%C3%AAncia&action=edit&redlink=1,,Operação Livre Concorrência,#cite_note-115,[]
720,[],/w/index.php?title=Opera%C3%A7%C3%A3o_Larva&action=edit&redlink=1,,Operação Larva,,[]
721,[],/w/index.php?title=Opera%C3%A7%C3%A3o_Ilusionista&action=edit&redlink=1,,Operação Ilusionista,#cite_note-116,[]
722,[],/w/index.php?title=Opera%C3%A7%C3%A3o_Sevandija&action=edit&redlink=1,,Operação Sevandija,#cite_note-117,[]
723,['Operação Sevandija'],/w/index.php?title=Opera%C3%A7%C3%A3o_Mam%C3%A3e_Noel&action=edit&redlink=1,,Operação Mamãe Noel,#cite_note-118,[]
724,[],/w/index.php?title=Opera%C3%A7%C3%A3o_Seguran%C3%A7a&action=edit&redlink=1,,Operação Segurança,,[]
725,[],,,Operação Bagration,,[]
726,[],/w/index.php?title=Opera%C3%A7%C3%A3o_Curadoria&action=edit&redlink=1,,Operação Curadoria,#cite_note-119,[]
727,[],/w/index.php?title=Opera%C3%A7%C3%A3o_Ni%C3%A1gara&action=edit&redlink=1,,Operação Niágara,,[]
728,[],/w/index.php?title=Opera%C3%A7%C3%A3o_Fals%C3%A1rio&action=edit&redlink=1,,Operação Falsário,#cite_note-120,[]
729,[],/w/index.php?title=Opera%C3%A7%C3%A3o_Leopoldo&action=edit&redlink=1,,Operação Leopoldo,#cite_note-121,[]
730,[],/w/index.php?title=Opera%C3%A7%C3%A3o_Hidra_de_Lerna&action=edit&redlink=1,,Operação Hidra de Lerna,,[]
731,[],/w/index.php?title=Opera%C3%A7%C3%A3o_Sim%C3%A3o&action=edit&redlink=1,,Operação Simão,#cite_note-122,[]
732,[],/wiki/Opera%C3%A7%C3%A3o_Expresso_150,,Operação Expresso 150,,[]
733,['Operação Expresso 150'],/wiki/Opera%C3%A7%C3%A3o_Expresso_150,,Operação Expresso 150,,[]
734,[],/w/index.php?title=Opera%C3%A7%C3%A3o_Alanis&action=edit&redlink=1,,Operação Alanis,#cite_note-123,[]
735,[],/w/index.php?title=Opera%C3%A7%C3%A3o_Embuste&action=edit&redlink=1,,Operação Embuste,#cite_note-124,[]
736,[],/w/index.php?title=Opera%C3%A7%C3%A3o_Jogo_Limpo&action=edit&redlink=1,,Operação Jogo Limpo,#cite_note-125,[]
737,[],/w/index.php?title=Opera%C3%A7%C3%A3o_Default&action=edit&redlink=1,,Operação Default,#cite_note-126,[]
738,[],/w/index.php?title=Opera%C3%A7%C3%A3o_Hefasta&action=edit&redlink=1,,Operação Hefasta,#cite_note-127,[]
739,[],/w/index.php?title=Opera%C3%A7%C3%A3o_Wolverine&action=edit&redlink=1,,Operação Wolverine,#cite_note-128,[]
740,[],/wiki/Opera%C3%A7%C3%A3o_Lava_Jato,,Operação Lava Jato,,[]
741,['Operação Lava Jato'],/wiki/Opera%C3%A7%C3%A3o_Cui_Bono%3F,,Operação Cui Bono?,#cite_note-129,[]
742,['Operação Lava Jato'],/wiki/Opera%C3%A7%C3%A3o_Efici%C3%AAncia,,Operação Eficiência,#cite_note-130,[]
743,['Operação Lava Jato'],/wiki/Opera%C3%A7%C3%A3o_Mascate,,Operação Mascate,#cite_note-131,[]
744,['Operação Lava Jato'],/wiki/Opera%C3%A7%C3%A3o_Leviat%C3%A3,,Operação Leviatã,#cite_note-132,[]
745,['Operação Lava Jato'],/wiki/Opera%C3%A7%C3%A3o_Blackout,,Operação Blackout,#cite_note-133,[]
746,['Operação Lava Jato'],/wiki/Opera%C3%A7%C3%A3o_Tolypeutes,,Operação Tolypeutes,#cite_note-134,[]
747,['Operação Lava Jato'],/wiki/Opera%C3%A7%C3%A3o_Sat%C3%A9lites,,Operação Satélites,#cite_note-135,[]
748,['Operação Lava Jato'],/wiki/Opera%C3%A7%C3%A3o_Paralelo,,Operação Paralelo,#cite_note-136,[]
749,['Operação Lava Jato'],/wiki/Opera%C3%A7%C3%A3o_O_Quinto_do_Ouro,,Operação O Quinto do Ouro,#cite_note-137,[]
750,['Operação Lava Jato'],/wiki/Opera%C3%A7%C3%A3o_Fatura_Exposta,,Operação Fatura Exposta,#cite_note-138,[]
751,['Operação Lava Jato'],/w/index.php?title=Opera%C3%A7%C3%A3o_Ratatouille&action=edit&redlink=1,,Operação Ratatouille,#cite_note-139,[]
752,['Operação Lava Jato'],/wiki/Opera%C3%A7%C3%A3o_Tesouro_Perdido,,Operação Tesouro Perdido,#cite_note-140,[]
753,['Operação Lava Jato'],/wiki/Opera%C3%A7%C3%A3o_Unfair_Play,,Operação Unfair Play,#cite_note-141,[]
754,['Operação Unfair Play'],/wiki/Opera%C3%A7%C3%A3o_Unfair_Play,,Operação Unfair Play,#cite_note-143,[]
755,[],/w/index.php?title=Opera%C3%A7%C3%A3o_Antiqu%C3%A1rios&action=edit&redlink=1,,Operação Antiquários,#cite_note-144,[]
756,[],/w/index.php?title=Opera%C3%A7%C3%A3o_V%C3%B3rtex&action=edit&redlink=1,,Operação Vórtex,#cite_note-145,[]
757,[],/w/index.php?title=Opera%C3%A7%C3%A3o_Crisol&action=edit&redlink=1,,Operação Crisol,#cite_note-146,[]
758,[],/w/index.php?title=Opera%C3%A7%C3%A3o_Cosa_Nostra&action=edit&redlink=1,,Operação Cosa Nostra,#cite_note-147,[]
759,[],/w/index.php?title=Opera%C3%A7%C3%A3o_Fogo_de_Palha&action=edit&redlink=1,,Operação Fogo de Palha,#cite_note-148,[]
760,[],/wiki/Opera%C3%A7%C3%A3o_Carne_Fraca,,Operação Carne Fraca,#cite_note-149,[]
761,[],/wiki/Opera%C3%A7%C3%A3o_Research,,Operação Research,#cite_note-150,[]
762,[],/w/index.php?title=Opera%C3%A7%C3%A3o_Perf%C3%ADdia&action=edit&redlink=1,,Operação Perfídia,#cite_note-151,[]
763,[],/w/index.php?title=Opera%C3%A7%C3%A3o_%C3%81guas_Claras&action=edit&redlink=1,,Operação Águas Claras,#cite_note-152,[]
764,[],/w/index.php?title=Opera%C3%A7%C3%A3o_Stellio_Natus&action=edit&redlink=1,,Operação Stellio Natus,#cite_note-153,[]
765,[],/w/index.php?title=Opera%C3%A7%C3%A3o_Conclave&action=edit&redlink=1,,Operação Conclave,#cite_note-154,[]
766,[],/w/index.php?title=Opera%C3%A7%C3%A3o_Lucas&action=edit&redlink=1,,Operação Lucas,#cite_note-155,[]
767,[],/wiki/Opera%C3%A7%C3%A3o_Bullish,,Operação Bullish,#cite_note-156,[]
768,[],/w/index.php?title=Opera%C3%A7%C3%A3o_Panatenaico&action=edit&redlink=1,,Operação Panatenaico,#cite_note-157,[]
769,[],/w/index.php?title=Opera%C3%A7%C3%A3o_Hoder&action=edit&redlink=1,,Operação Hoder,#cite_note-158,[]
770,[],/w/index.php?title=Opera%C3%A7%C3%A3o_Proteina&action=edit&redlink=1,,Operação Proteina,#cite_note-159,[]
771,[],/w/index.php?title=Opera%C3%A7%C3%A3o_Graja%C3%BA&action=edit&redlink=1,,Operação Grajaú,#cite_note-160,[]
772,[],/wiki/Opera%C3%A7%C3%A3o_Ponto_Final,,Operação Ponto Final,#cite_note-161,[]
773,[],/w/index.php?title=Opera%C3%A7%C3%A3o_Papel_Fantasma&action=edit&redlink=1,,Operação Papel Fantasma,#cite_note-162,[]
774,[],/w/index.php?title=Opera%C3%A7%C3%A3o_Adsumus&action=edit&redlink=1,,Operação Adsumus,#cite_note-163,[]
775,[],/w/index.php?title=Opera%C3%A7%C3%A3o_Ostrich&action=edit&redlink=1,,Operação Ostrich,#cite_note-164,[]
776,[],/w/index.php?title=Opera%C3%A7%C3%A3o_Ex-Fumo&action=edit&redlink=1,,Operação Ex-Fumo,#cite_note-165,[]
777,[],/w/index.php?title=Opera%C3%A7%C3%A3o_Brabo&action=edit&redlink=1,,Operação Brabo,#cite_note-166,[]
778,[],/w/index.php?title=Opera%C3%A7%C3%A3o_Hammer-on&action=edit&redlink=1,,Operação Hammer-on,#cite_note-167,[]
779,[],/w/index.php?title=Opera%C3%A7%C3%A3o_Anteros&action=edit&redlink=1,,Operação Anteros,#cite_note-op_PF-168,[]
780,[],/w/index.php?title=Opera%C3%A7%C3%A3o_Rosas_dos_Ventos&action=edit&redlink=1,,Operação Rosas dos Ventos,#cite_note-op_PF-168,[]
781,[],/w/index.php?title=Opera%C3%A7%C3%A3o_%C3%89timo&action=edit&redlink=1,,Operação Étimo,#cite_note-169,[]
782,[],/w/index.php?title=Opera%C3%A7%C3%A3o_Conex%C3%A3o_Venezuela&action=edit&redlink=1,,Operação Conexão Venezuela,#cite_note-170,[]
783,[],/w/index.php?title=Opera%C3%A7%C3%A3o_Fraternidade&action=edit&redlink=1,,Operação Fraternidade,#cite_note-171,[]
784,[],/w/index.php?title=Opera%C3%A7%C3%A3o_Ouvidos_Moucos&action=edit&redlink=1,,Operação Ouvidos Moucos,#cite_note-172,[]
785,[],/w/index.php?title=Opera%C3%A7%C3%A3o_Malebolge&action=edit&redlink=1,,Operação Malebolge,#cite_note-173,[]
786,[],/w/index.php?title=Opera%C3%A7%C3%A3o_Afronta&action=edit&redlink=1,,Operação Afronta,#cite_note-174,[]
787,[],/w/index.php?title=Opera%C3%A7%C3%A3o_Inimigo_Oculto&action=edit&redlink=1,,Operação Inimigo Oculto,#cite_note-175,[]
788,[],/w/index.php?title=Opera%C3%A7%C3%A3o_Moneda&action=edit&redlink=1,,Operação Moneda,#cite_note-176,[]
789,[],/w/index.php?title=Opera%C3%A7%C3%A3o_Anel_de_Gigantes&action=edit&redlink=1,,Operação Anel de Gigantes,#cite_note-177,[]
790,[],/w/index.php?title=Opera%C3%A7%C3%A3o_Marcapasso&action=edit&redlink=1,,Operação Marcapasso,#cite_note-178,[]
791,[],/w/index.php?title=Opera%C3%A7%C3%A3o_Anhang%C3%A1_Arara&action=edit&redlink=1,,Operação Anhangá Arara,#cite_note-179,[]
792,[],/w/index.php?title=Opera%C3%A7%C3%A3o_Passe_F%C3%A1cil&action=edit&redlink=1,,Operação Passe Fácil,#cite_note-180,[]
793,[],/w/index.php?title=Opera%C3%A7%C3%A3o_Backbone&action=edit&redlink=1,,Operação Backbone,#cite_note-181,[]
794,[],/w/index.php?title=Opera%C3%A7%C3%A3o_Rep%C3%BAblica_Velha&action=edit&redlink=1,,Operação República Velha,,[]
795,[],/wiki/Opera%C3%A7%C3%A3o_Cadeia_Velha,,Operação Cadeia Velha,#cite_note-182,[]
796,[],/wiki/Opera%C3%A7%C3%A3o_Sothis,,Operação Sothis,#cite_note-183,[]
797,[],/w/index.php?title=Opera%C3%A7%C3%A3o_Rush&action=edit&redlink=1,,Operação Rush,#cite_note-184,[]
798,[],/wiki/Opera%C3%A7%C3%A3o_%C3%81pia,,Operação Ápia,#cite_note-185,[]
799,[],/wiki/Opera%C3%A7%C3%A3o_%C3%81pia,,Operação Ápia,,[]
800,['48.ª fase da Operação Lava Jato'],/w/index.php?title=Opera%C3%A7%C3%A3o_Integra%C3%A7%C3%A3o&action=edit&redlink=1,,Operação Integração,#cite_note-186,[]
801,[],/w/index.php?title=Opera%C3%A7%C3%A3o_Zona_Cinzenta&action=edit&redlink=1,,Operação Zona Cinzenta,#cite_note-187,[]
802,[],/w/index.php?title=Opera%C3%A7%C3%A3o_Pausare&action=edit&redlink=1,,Operação Pausare,#cite_note-188,[]
803,[],/w/index.php?title=Opera%C3%A7%C3%A3o_Endemia&action=edit&redlink=1,,Operação Endemia,#cite_note-189,[]
804,['desdobramento da'],/wiki/Opera%C3%A7%C3%A3o_Lava_Jato,,Operação Lava Jato,#cite_note-190,[]
805,[],/w/index.php?title=Opera%C3%A7%C3%A3o_Elemento_79&action=edit&redlink=1,,Operação Elemento 79,#cite_note-191,[]
806,['desdobramento da Operação Lava Jato'],/wiki/Opera%C3%A7%C3%A3o_Descarte,,Operação Descarte,#cite_note-192,[]
807,['fase 3 batizada da'],/wiki/Opera%C3%A7%C3%A3o_Carne_Fraca,,Operação Carne Fraca,#cite_note-193,[]
808,[],/w/index.php?title=Opera%C3%A7%C3%A3o_Pontes_de_Papel&action=edit&redlink=1,,Operação Pontes de Papel,#cite_note-194,[]
809,[],/w/index.php?title=Opera%C3%A7%C3%A3o_Terra_Prometida&action=edit&redlink=1,,Operação Terra Prometida,#cite_note-195,[]
810,['operação de combate à'],/wiki/Fake_news,,Fake news,#cite_note-196,[]
811,[],/w/index.php?title=Opera%C3%A7%C3%A3o_P%C3%A3o_Nosso&action=edit&redlink=1,,Operação Pão Nosso,#cite_note-197,[]
812,[],/w/index.php?title=Opera%C3%A7%C3%A3o_Tristitia&action=edit&redlink=1,,Operação Tristitia,#cite_note-198,[]
813,[],/w/index.php?title=Opera%C3%A7%C3%A3o_Philoteus&action=edit&redlink=1,,Operação Philoteus,#cite_note-199,[]
814,[],/w/index.php?title=Opera%C3%A7%C3%A3o_Tira_Teima&action=edit&redlink=1,,Operação Tira Teima,#cite_note-200,[]
815,[],/w/index.php?title=Opera%C3%A7%C3%A3o_Garabulha&action=edit&redlink=1,,Operação Garabulha,#cite_note-201,[]
816,['segunda fase da Operação Papel Fantasma'],/w/index.php?title=Opera%C3%A7%C3%A3o_Encilhamento&action=edit&redlink=1,,Operação Encilhamento,#cite_note-203,[]
817,['desdobramento da'],/wiki/Opera%C3%A7%C3%A3o_Efici%C3%AAncia,,Operação Eficiência,#cite_note-204,[]
818,['contra fraudes na'],/wiki/Lei_Rouanet,,Lei Rouanet,#cite_note-205,[]
819,[],/w/index.php?title=Opera%C3%A7%C3%A3o_Prato_Feito&action=edit&redlink=1,,Operação Prato Feito,#cite_note-206,[]
820,['51ª fase da Operação Lava Jato'],/wiki/Opera%C3%A7%C3%A3o_D%C3%A9j%C3%A0_vu,,Operação Déjà vu,#cite_note-207,[]
821,[],/w/index.php?title=Opera%C3%A7%C3%A3o_Luz_en_la_Inf%C3%A2ncia&action=edit&redlink=1,,Operação Luz en la Infância,#cite_note-208,[]
822,[],,,Operação Aquiles,#cite_note-209,[]
823,[],/w/index.php?title=Opera%C3%A7%C3%A3o_Opera%C3%A7%C3%A3o_Anzol_Sem_Ponta&action=edit&redlink=1,,Operação Operação Anzol Sem Ponta,#cite_note-210,[]
824,['52ª fase da Operação Lava Jato'],/w/index.php?title=Opera%C3%A7%C3%A3o_Greenwich&action=edit&redlink=1,,Operação Greenwich,#cite_note-211,[]
825,[],/w/index.php?title=Opera%C3%A7%C3%A3o_La%C3%A7os_de_Fam%C3%ADlia&action=edit&redlink=1,,Operação Laços de Família,#cite_note-212,[]
826,[],/w/index.php?title=Opera%C3%A7%C3%A3o_Registro_Esp%C3%BArio&action=edit&redlink=1,,Operação Registro Espúrio,#cite_note-213,[]
827,[],/w/index.php?title=Opera%C3%A7%C3%A3o_Line_Up&action=edit&redlink=1,,Operação Line Up,#cite_note-214,[]
828,[],/wiki/Opera%C3%A7%C3%A3o_Resson%C3%A2ncia,,Operação Ressonância,#cite_note-215,[]
829,[],/w/index.php?title=Opera%C3%A7%C3%A3o_Can%C3%A1rio_Pistola&action=edit&redlink=1,,Operação Canário Pistola,#cite_note-216,[]
830,[],/wiki/Opera%C3%A7%C3%A3o_Golpes_Master,,Operação Golpes Master,#cite_note-217,[]
831,[],/w/index.php?title=Opera%C3%A7%C3%A3o_Rosa_dos_Ventos&action=edit&redlink=1,,Operação Rosa dos Ventos,#cite_note-218,[]
832,['53ª fase da Operação Lava Jato'],/w/index.php?title=Opera%C3%A7%C3%A3o_Piloto&action=edit&redlink=1,,Operação Piloto,#cite_note-219,[]
833,[],/w/index.php?title=Opera%C3%A7%C3%A3o_V%C3%ADcios_II&action=edit&redlink=1,,Operação Vícios II,#cite_note-220,[]
834,[],/w/index.php?title=Opera%C3%A7%C3%A3o_Ghost_Writer&action=edit&redlink=1,,Operação Ghost Writer,#cite_note-221,[]
835,[],/w/index.php?title=Opera%C3%A7%C3%A3o_Fake_Money&action=edit&redlink=1,,Operação Fake Money,#cite_note-222,[]
836,[],/w/index.php?title=Opera%C3%A7%C3%A3o_Vostok&action=edit&redlink=1,,Operação Vostok,#cite_note-223,[]
837,['55.ª fase da Operação Lava Jato'],/w/index.php?title=Opera%C3%A7%C3%A3o_Integra%C3%A7%C3%A3o_II&action=edit&redlink=1,,Operação Integração II,#cite_note-224,[]
838,[],/w/index.php?title=Opera%C3%A7%C3%A3o_Cash_Delivery&action=edit&redlink=1,,Operação Cash Delivery,#cite_note-225,[]
839,[],/w/index.php?title=Opera%C3%A7%C3%A3o_Dolos&action=edit&redlink=1,,Operação Dolos,#cite_note-226,[]
840,[],/w/index.php?title=Opera%C3%A7%C3%A3o_Olhos_de_Lince&action=edit&redlink=1,,Operação Olhos de Lince,#cite_note-227,[]
841,[],/wiki/Opera%C3%A7%C3%A3o_Bravata_da_Pol%C3%ADcia_Federal,,Operação Bravata da Polícia Federal,#cite_note-228,[]
842,[],/wiki/Opera%C3%A7%C3%A3o_Furna_da_On%C3%A7a,,Operação Furna da Onça,#cite_note-229,[]
843,[],/w/index.php?title=Opera%C3%A7%C3%A3o_Quinto_Ano&action=edit&redlink=1,,Operação Quinto Ano,#cite_note-230,[]
844,['60º fase da Operação Lava Jato'],/w/index.php?title=Opera%C3%A7%C3%A3o_Ad_Infinitum&action=edit&redlink=1,,Operação Ad Infinitum,#cite_note-231,[]
845,[],/w/index.php?title=Opera%C3%A7%C3%A3o_Disfarces_de_Mamom&action=edit&redlink=1,,Operação Disfarces de Mamom,#cite_note-232,[]
846,[],/w/index.php?title=Opera%C3%A7%C3%A3o_Inter_Fratrem&action=edit&redlink=1,,Operação Inter Fratrem,#cite_note-233,[]
847,[],/w/index.php?title=Opera%C3%A7%C3%A3o_Juntos_e_Shallow_Now&action=edit&redlink=1,,Operação Juntos e Shallow Now,#cite_note-234,[]
848,[],/w/index.php?title=Opera%C3%A7%C3%A3o_Escobar&action=edit&redlink=1,,Operação Escobar,#cite_note-235,[]
849,[],/w/index.php?title=Opera%C3%A7%C3%A3o_Tergiversa%C3%A7%C3%A3o&action=edit&redlink=1,,Operação Tergiversação,#cite_note-236,[]
850,[],/w/index.php?title=Opera%C3%A7%C3%A3o_Octopus&action=edit&redlink=1,,Operação Octopus,#cite_note-237,[]
851,[],/w/index.php?title=Opera%C3%A7%C3%A3o_Alcatraz&action=edit&redlink=1,,Operação Alcatraz,#cite_note-238,[]
852,[],/w/index.php?title=Opera%C3%A7%C3%A3o_Rock_City&action=edit&redlink=1,,Operação Rock City,#cite_note-239,[]
853,[],/w/index.php?title=Opera%C3%A7%C3%A3o_Chabu&action=edit&redlink=1,,Operação Chabu,#cite_note-240,[]
854,[],/w/index.php?title=Opera%C3%A7%C3%A3o_Lamanai&action=edit&redlink=1,,Operação Lamanai,#cite_note-241,[]
855,[],/wiki/Opera%C3%A7%C3%A3o_Faroeste,,Operação Faroeste,#cite_note-242,[]
856,[],,,Operação Último Lance,#cite_note-243,[]
857,[],,,Operação Narcos,#cite_note-244,[]
858,[],,,Operação Hórus,#cite_note-245,[]
859,[],,,Operação Calvário,#cite_note-246,[]
860,[],/wiki/Opera%C3%A7%C3%A3o_Virus_Infectio,,Operação Virus Infectio,#cite_note-247,[]
861,[],,,Operação Mercadores do Caos,#cite_note-248,[]
862,[],,,Operação Favorito,#cite_note-249,[]
863,[],,,Operação Dispneia,#cite_note-250,[]
864,[],,,Operação Placebo,#cite_note-251,[]
865,[],,,Operação Para Bellum,#cite_note-252,[]
866,[],,,Operação Probitas,#cite_note-253,[]
867,[],,,Operação Fiat Lux,#cite_note-254,[]
868,[],,,Operação Dark Side,#cite_note-255,[]
869,[],,,Operação Rei do Crime,#cite_note-256,[]
870,[],,,Operação Triângulo das Bermudas,#cite_note-257,[]
871,[],,,Operação Enterprise,#cite_note-258,[]
872,[],,,Operação Background,#cite_note-259,[]
873,[],,,Operação Data Venditionis,#cite_note-260,[]
874,[],,,Operação Grão Branco,#cite_note-261,[]
875,[],,,Operação Finita Servus,#cite_note-262,[]
876,['Acordos de delação premiada'],/wiki/Dela%C3%A7%C3%B5es_da_Odebrecht_na_Opera%C3%A7%C3%A3o_Lava_Jato,,Delações da Odebrecht na Operação Lava Jato,,[]
877,['Acordos de delação premiada'],/wiki/Dela%C3%A7%C3%B5es_da_JBS_na_Opera%C3%A7%C3%A3o_Lava_Jato,,Delações da JBS na Operação Lava Jato,,[]
878,['Desdobramentos'],/wiki/Desdobramentos_da_Opera%C3%A7%C3%A3o_Lava_Jato_fora_do_Brasil,,Desdobramentos da Operação Lava Jato fora do Brasil,,[]
